Fecha,Symbol,Fold,Target,Predicted,Model,TargetName
2020-01-02,NVDA,2020,0.56315,0.5534235,MLP-Torch,TARGET_TREND_ANG_15_5
2020-01-03,NVDA,2020,0.55541,0.48146787,MLP-Torch,TARGET_TREND_ANG_15_5
2020-01-06,NVDA,2020,0.5944,0.48798156,MLP-Torch,TARGET_TREND_ANG_15_5
2020-01-07,NVDA,2020,0.62099,0.5520525,MLP-Torch,TARGET_TREND_ANG_15_5
2020-01-08,NVDA,2020,0.63519,0.55736786,MLP-Torch,TARGET_TREND_ANG_15_5
2020-01-09,NVDA,2020,0.655,0.58820915,MLP-Torch,TARGET_TREND_ANG_15_5
2020-01-10,NVDA,2020,0.6729,0.6127686,MLP-Torch,TARGET_TREND_ANG_15_5
2020-01-13,NVDA,2020,0.66933,0.6618515,MLP-Torch,TARGET_TREND_ANG_15_5
2020-01-14,NVDA,2020,0.65852,0.6059683,MLP-Torch,TARGET_TREND_ANG_15_5
2020-01-15,NVDA,2020,0.65733,0.5785288,MLP-Torch,TARGET_TREND_ANG_15_5
2020-01-16,NVDA,2020,0.65451,0.5948246,MLP-Torch,TARGET_TREND_ANG_15_5
2020-01-17,NVDA,2020,0.59802,0.5911262,MLP-Torch,TARGET_TREND_ANG_15_5
2020-01-21,NVDA,2020,0.56862,0.53962517,MLP-Torch,TARGET_TREND_ANG_15_5
2020-01-22,NVDA,2020,0.53484,0.5441655,MLP-Torch,TARGET_TREND_ANG_15_5
2020-01-23,NVDA,2020,0.50103,0.59114105,MLP-Torch,TARGET_TREND_ANG_15_5
2020-01-24,NVDA,2020,0.44046,0.55935794,MLP-Torch,TARGET_TREND_ANG_15_5
2020-01-27,NVDA,2020,0.40115,0.3969012,MLP-Torch,TARGET_TREND_ANG_15_5
2020-01-28,NVDA,2020,0.4277,0.47526726,MLP-Torch,TARGET_TREND_ANG_15_5
2020-01-29,NVDA,2020,0.44738,0.44273743,MLP-Torch,TARGET_TREND_ANG_15_5
2020-01-30,NVDA,2020,0.47211,0.43875653,MLP-Torch,TARGET_TREND_ANG_15_5
2020-01-31,NVDA,2020,0.49666,0.3586611,MLP-Torch,TARGET_TREND_ANG_15_5
2020-02-03,NVDA,2020,0.56661,0.40830627,MLP-Torch,TARGET_TREND_ANG_15_5
2020-02-04,NVDA,2020,0.63386,0.4825332,MLP-Torch,TARGET_TREND_ANG_15_5
2020-02-05,NVDA,2020,0.70482,0.54964775,MLP-Torch,TARGET_TREND_ANG_15_5
2020-02-06,NVDA,2020,0.75752,0.5909057,MLP-Torch,TARGET_TREND_ANG_15_5
2020-02-07,NVDA,2020,0.8281,0.57635117,MLP-Torch,TARGET_TREND_ANG_15_5
2020-02-10,NVDA,2020,0.85577,0.66268915,MLP-Torch,TARGET_TREND_ANG_15_5
2020-02-11,NVDA,2020,0.89965,0.6958312,MLP-Torch,TARGET_TREND_ANG_15_5
2020-02-12,NVDA,2020,0.91759,0.71384466,MLP-Torch,TARGET_TREND_ANG_15_5
2020-02-13,NVDA,2020,0.92014,0.68449354,MLP-Torch,TARGET_TREND_ANG_15_5
2020-02-14,NVDA,2020,0.878,0.74490005,MLP-Torch,TARGET_TREND_ANG_15_5
2020-02-18,NVDA,2020,0.8147,0.74156123,MLP-Torch,TARGET_TREND_ANG_15_5
2020-02-19,NVDA,2020,0.73721,0.76157606,MLP-Torch,TARGET_TREND_ANG_15_5
2020-02-20,NVDA,2020,0.61491,0.7416911,MLP-Torch,TARGET_TREND_ANG_15_5
2020-02-21,NVDA,2020,0.52511,0.6570399,MLP-Torch,TARGET_TREND_ANG_15_5
2020-02-24,NVDA,2020,0.42487,0.45786646,MLP-Torch,TARGET_TREND_ANG_15_5
2020-02-25,NVDA,2020,0.32287,0.39144906,MLP-Torch,TARGET_TREND_ANG_15_5
2020-02-26,NVDA,2020,0.30694,0.3568988,MLP-Torch,TARGET_TREND_ANG_15_5
2020-02-27,NVDA,2020,0.25773,0.30759278,MLP-Torch,TARGET_TREND_ANG_15_5
2020-02-28,NVDA,2020,0.21694,0.33824357,MLP-Torch,TARGET_TREND_ANG_15_5
2020-03-02,NVDA,2020,0.18187,0.4250793,MLP-Torch,TARGET_TREND_ANG_15_5
2020-03-03,NVDA,2020,0.18567,0.41650826,MLP-Torch,TARGET_TREND_ANG_15_5
2020-03-04,NVDA,2020,0.23123,0.50877655,MLP-Torch,TARGET_TREND_ANG_15_5
2020-03-05,NVDA,2020,0.2063,0.48479277,MLP-Torch,TARGET_TREND_ANG_15_5
2020-03-06,NVDA,2020,0.22367,0.4330611,MLP-Torch,TARGET_TREND_ANG_15_5
2020-03-09,NVDA,2020,0.13005,0.30896786,MLP-Torch,TARGET_TREND_ANG_15_5
2020-03-10,NVDA,2020,0.10782,0.41289192,MLP-Torch,TARGET_TREND_ANG_15_5
2020-03-11,NVDA,2020,0.07187,0.32813653,MLP-Torch,TARGET_TREND_ANG_15_5
2020-03-12,NVDA,2020,0.03569,0.24753068,MLP-Torch,TARGET_TREND_ANG_15_5
2020-03-13,NVDA,2020,0.04366,0.31383014,MLP-Torch,TARGET_TREND_ANG_15_5
2020-03-16,NVDA,2020,0.02508,0.23561768,MLP-Torch,TARGET_TREND_ANG_15_5
2020-03-17,NVDA,2020,0.06771,0.27823305,MLP-Torch,TARGET_TREND_ANG_15_5
2020-03-18,NVDA,2020,0.12899,0.24619453,MLP-Torch,TARGET_TREND_ANG_15_5
2020-03-19,NVDA,2020,0.30394,0.3174084,MLP-Torch,TARGET_TREND_ANG_15_5
2020-03-20,NVDA,2020,0.55606,0.32934853,MLP-Torch,TARGET_TREND_ANG_15_5
2020-03-23,NVDA,2020,0.74513,0.39929348,MLP-Torch,TARGET_TREND_ANG_15_5
2020-03-24,NVDA,2020,0.84726,0.62908083,MLP-Torch,TARGET_TREND_ANG_15_5
2020-03-25,NVDA,2020,0.88399,0.6958678,MLP-Torch,TARGET_TREND_ANG_15_5
2020-03-26,NVDA,2020,0.88175,0.72418773,MLP-Torch,TARGET_TREND_ANG_15_5
2020-03-27,NVDA,2020,0.90101,0.6879294,MLP-Torch,TARGET_TREND_ANG_15_5
2020-03-30,NVDA,2020,0.88208,0.73767054,MLP-Torch,TARGET_TREND_ANG_15_5
2020-03-31,NVDA,2020,0.87648,0.7022562,MLP-Torch,TARGET_TREND_ANG_15_5
2020-04-01,NVDA,2020,0.86576,0.61490303,MLP-Torch,TARGET_TREND_ANG_15_5
2020-04-02,NVDA,2020,0.82352,0.6006928,MLP-Torch,TARGET_TREND_ANG_15_5
2020-04-03,NVDA,2020,0.77282,0.5113565,MLP-Torch,TARGET_TREND_ANG_15_5
2020-04-06,NVDA,2020,0.71163,0.6348345,MLP-Torch,TARGET_TREND_ANG_15_5
2020-04-07,NVDA,2020,0.74335,0.58052564,MLP-Torch,TARGET_TREND_ANG_15_5
2020-04-08,NVDA,2020,0.77206,0.60999507,MLP-Torch,TARGET_TREND_ANG_15_5
2020-04-09,NVDA,2020,0.81133,0.55423826,MLP-Torch,TARGET_TREND_ANG_15_5
2020-04-13,NVDA,2020,0.81306,0.5912886,MLP-Torch,TARGET_TREND_ANG_15_5
2020-04-14,NVDA,2020,0.79701,0.6682767,MLP-Torch,TARGET_TREND_ANG_15_5
2020-04-15,NVDA,2020,0.81552,0.65221447,MLP-Torch,TARGET_TREND_ANG_15_5
2020-04-16,NVDA,2020,0.77443,0.6954833,MLP-Torch,TARGET_TREND_ANG_15_5
2020-04-17,NVDA,2020,0.76679,0.66980803,MLP-Torch,TARGET_TREND_ANG_15_5
2020-04-20,NVDA,2020,0.73842,0.6418924,MLP-Torch,TARGET_TREND_ANG_15_5
2020-04-21,NVDA,2020,0.74814,0.498236,MLP-Torch,TARGET_TREND_ANG_15_5
2020-04-22,NVDA,2020,0.71967,0.5529289,MLP-Torch,TARGET_TREND_ANG_15_5
2020-04-23,NVDA,2020,0.69529,0.5246329,MLP-Torch,TARGET_TREND_ANG_15_5
2020-04-24,NVDA,2020,0.61384,0.5204304,MLP-Torch,TARGET_TREND_ANG_15_5
2020-04-27,NVDA,2020,0.56681,0.6017581,MLP-Torch,TARGET_TREND_ANG_15_5
2020-04-28,NVDA,2020,0.57099,0.56731814,MLP-Torch,TARGET_TREND_ANG_15_5
2020-04-29,NVDA,2020,0.56938,0.6045683,MLP-Torch,TARGET_TREND_ANG_15_5
2020-04-30,NVDA,2020,0.63301,0.5477226,MLP-Torch,TARGET_TREND_ANG_15_5
2020-05-01,NVDA,2020,0.70278,0.460527,MLP-Torch,TARGET_TREND_ANG_15_5
2020-05-04,NVDA,2020,0.75447,0.4866631,MLP-Torch,TARGET_TREND_ANG_15_5
2020-05-05,NVDA,2020,0.73082,0.5313495,MLP-Torch,TARGET_TREND_ANG_15_5
2020-05-06,NVDA,2020,0.7318,0.54647493,MLP-Torch,TARGET_TREND_ANG_15_5
2020-05-07,NVDA,2020,0.7393,0.61083573,MLP-Torch,TARGET_TREND_ANG_15_5
2020-05-08,NVDA,2020,0.78125,0.6554391,MLP-Torch,TARGET_TREND_ANG_15_5
2020-05-11,NVDA,2020,0.82878,0.68941975,MLP-Torch,TARGET_TREND_ANG_15_5
2020-05-12,NVDA,2020,0.86338,0.6516278,MLP-Torch,TARGET_TREND_ANG_15_5
2020-05-13,NVDA,2020,0.89238,0.6041545,MLP-Torch,TARGET_TREND_ANG_15_5
2020-05-14,NVDA,2020,0.89304,0.6214307,MLP-Torch,TARGET_TREND_ANG_15_5
2020-05-15,NVDA,2020,0.88209,0.6848349,MLP-Torch,TARGET_TREND_ANG_15_5
2020-05-18,NVDA,2020,0.86325,0.71697754,MLP-Torch,TARGET_TREND_ANG_15_5
2020-05-19,NVDA,2020,0.83293,0.7214021,MLP-Torch,TARGET_TREND_ANG_15_5
2020-05-20,NVDA,2020,0.78867,0.7279859,MLP-Torch,TARGET_TREND_ANG_15_5
2020-05-21,NVDA,2020,0.77112,0.67188877,MLP-Torch,TARGET_TREND_ANG_15_5
2020-05-22,NVDA,2020,0.73978,0.687842,MLP-Torch,TARGET_TREND_ANG_15_5
2020-05-26,NVDA,2020,0.72953,0.61968684,MLP-Torch,TARGET_TREND_ANG_15_5
2020-05-27,NVDA,2020,0.67628,0.50076205,MLP-Torch,TARGET_TREND_ANG_15_5
2020-05-28,NVDA,2020,0.59249,0.45871148,MLP-Torch,TARGET_TREND_ANG_15_5
2020-05-29,NVDA,2020,0.53001,0.51191694,MLP-Torch,TARGET_TREND_ANG_15_5
2020-06-01,NVDA,2020,0.50041,0.49527657,MLP-Torch,TARGET_TREND_ANG_15_5
2020-06-02,NVDA,2020,0.52381,0.49600023,MLP-Torch,TARGET_TREND_ANG_15_5
2020-06-03,NVDA,2020,0.58337,0.49918345,MLP-Torch,TARGET_TREND_ANG_15_5
2020-06-04,NVDA,2020,0.59307,0.50326955,MLP-Torch,TARGET_TREND_ANG_15_5
2020-06-05,NVDA,2020,0.59477,0.553662,MLP-Torch,TARGET_TREND_ANG_15_5
2020-06-08,NVDA,2020,0.64834,0.5266468,MLP-Torch,TARGET_TREND_ANG_15_5
2020-06-09,NVDA,2020,0.64999,0.56720394,MLP-Torch,TARGET_TREND_ANG_15_5
2020-06-10,NVDA,2020,0.64135,0.6479634,MLP-Torch,TARGET_TREND_ANG_15_5
2020-06-11,NVDA,2020,0.62984,0.50557,MLP-Torch,TARGET_TREND_ANG_15_5
2020-06-12,NVDA,2020,0.64424,0.53455734,MLP-Torch,TARGET_TREND_ANG_15_5
2020-06-15,NVDA,2020,0.66751,0.54975677,MLP-Torch,TARGET_TREND_ANG_15_5
2020-06-16,NVDA,2020,0.68148,0.53032225,MLP-Torch,TARGET_TREND_ANG_15_5
2020-06-17,NVDA,2020,0.65985,0.54950744,MLP-Torch,TARGET_TREND_ANG_15_5
2020-06-18,NVDA,2020,0.65715,0.584365,MLP-Torch,TARGET_TREND_ANG_15_5
2020-06-19,NVDA,2020,0.62996,0.534404,MLP-Torch,TARGET_TREND_ANG_15_5
2020-06-22,NVDA,2020,0.58803,0.6203926,MLP-Torch,TARGET_TREND_ANG_15_5
2020-06-23,NVDA,2020,0.59818,0.6189276,MLP-Torch,TARGET_TREND_ANG_15_5
2020-06-24,NVDA,2020,0.64083,0.53227925,MLP-Torch,TARGET_TREND_ANG_15_5
2020-06-25,NVDA,2020,0.62313,0.5889321,MLP-Torch,TARGET_TREND_ANG_15_5
2020-06-26,NVDA,2020,0.63717,0.477293,MLP-Torch,TARGET_TREND_ANG_15_5
2020-06-29,NVDA,2020,0.66187,0.46689513,MLP-Torch,TARGET_TREND_ANG_15_5
2020-06-30,NVDA,2020,0.69055,0.54769355,MLP-Torch,TARGET_TREND_ANG_15_5
2020-07-01,NVDA,2020,0.74199,0.5651975,MLP-Torch,TARGET_TREND_ANG_15_5
2020-07-02,NVDA,2020,0.77082,0.57479525,MLP-Torch,TARGET_TREND_ANG_15_5
2020-07-06,NVDA,2020,0.76299,0.6394908,MLP-Torch,TARGET_TREND_ANG_15_5
2020-07-07,NVDA,2020,0.78727,0.6402256,MLP-Torch,TARGET_TREND_ANG_15_5
2020-07-08,NVDA,2020,0.78565,0.681211,MLP-Torch,TARGET_TREND_ANG_15_5
2020-07-09,NVDA,2020,0.76187,0.71631604,MLP-Torch,TARGET_TREND_ANG_15_5
2020-07-10,NVDA,2020,0.75561,0.7041698,MLP-Torch,TARGET_TREND_ANG_15_5
2020-07-13,NVDA,2020,0.74588,0.6025712,MLP-Torch,TARGET_TREND_ANG_15_5
2020-07-14,NVDA,2020,0.69985,0.6009986,MLP-Torch,TARGET_TREND_ANG_15_5
2020-07-15,NVDA,2020,0.67825,0.5609538,MLP-Torch,TARGET_TREND_ANG_15_5
2020-07-16,NVDA,2020,0.62031,0.5138128,MLP-Torch,TARGET_TREND_ANG_15_5
2020-07-17,NVDA,2020,0.56069,0.50206345,MLP-Torch,TARGET_TREND_ANG_15_5
2020-07-20,NVDA,2020,0.53535,0.5503456,MLP-Torch,TARGET_TREND_ANG_15_5
2020-07-21,NVDA,2020,0.4884,0.50836045,MLP-Torch,TARGET_TREND_ANG_15_5
2020-07-22,NVDA,2020,0.49571,0.5158783,MLP-Torch,TARGET_TREND_ANG_15_5
2020-07-23,NVDA,2020,0.54499,0.47199073,MLP-Torch,TARGET_TREND_ANG_15_5
2020-07-24,NVDA,2020,0.58809,0.45903805,MLP-Torch,TARGET_TREND_ANG_15_5
2020-07-27,NVDA,2020,0.61745,0.52266496,MLP-Torch,TARGET_TREND_ANG_15_5
2020-07-28,NVDA,2020,0.6844,0.48070765,MLP-Torch,TARGET_TREND_ANG_15_5
2020-07-29,NVDA,2020,0.72048,0.52551514,MLP-Torch,TARGET_TREND_ANG_15_5
2020-07-30,NVDA,2020,0.74102,0.57095736,MLP-Torch,TARGET_TREND_ANG_15_5
2020-07-31,NVDA,2020,0.74936,0.5793586,MLP-Torch,TARGET_TREND_ANG_15_5
2020-08-03,NVDA,2020,0.76008,0.64728284,MLP-Torch,TARGET_TREND_ANG_15_5
2020-08-04,NVDA,2020,0.74052,0.69530374,MLP-Torch,TARGET_TREND_ANG_15_5
2020-08-05,NVDA,2020,0.75807,0.69355834,MLP-Torch,TARGET_TREND_ANG_15_5
2020-08-06,NVDA,2020,0.74956,0.6837094,MLP-Torch,TARGET_TREND_ANG_15_5
2020-08-07,NVDA,2020,0.74422,0.6529505,MLP-Torch,TARGET_TREND_ANG_15_5
2020-08-10,NVDA,2020,0.78031,0.6044921,MLP-Torch,TARGET_TREND_ANG_15_5
2020-08-11,NVDA,2020,0.79096,0.5072003,MLP-Torch,TARGET_TREND_ANG_15_5
2020-08-12,NVDA,2020,0.78008,0.59374034,MLP-Torch,TARGET_TREND_ANG_15_5
2020-08-13,NVDA,2020,0.77613,0.58604366,MLP-Torch,TARGET_TREND_ANG_15_5
2020-08-14,NVDA,2020,0.78516,0.5999666,MLP-Torch,TARGET_TREND_ANG_15_5
2020-08-17,NVDA,2020,0.79125,0.6902294,MLP-Torch,TARGET_TREND_ANG_15_5
2020-08-18,NVDA,2020,0.81052,0.69070446,MLP-Torch,TARGET_TREND_ANG_15_5
2020-08-19,NVDA,2020,0.82456,0.6509836,MLP-Torch,TARGET_TREND_ANG_15_5
2020-08-20,NVDA,2020,0.82589,0.6359194,MLP-Torch,TARGET_TREND_ANG_15_5
2020-08-21,NVDA,2020,0.82494,0.6796507,MLP-Torch,TARGET_TREND_ANG_15_5
2020-08-24,NVDA,2020,0.82855,0.6762234,MLP-Torch,TARGET_TREND_ANG_15_5
2020-08-25,NVDA,2020,0.82499,0.6589243,MLP-Torch,TARGET_TREND_ANG_15_5
2020-08-26,NVDA,2020,0.84537,0.6445601,MLP-Torch,TARGET_TREND_ANG_15_5
2020-08-27,NVDA,2020,0.81374,0.6227112,MLP-Torch,TARGET_TREND_ANG_15_5
2020-08-28,NVDA,2020,0.74293,0.6535024,MLP-Torch,TARGET_TREND_ANG_15_5
2020-08-31,NVDA,2020,0.65867,0.67500114,MLP-Torch,TARGET_TREND_ANG_15_5
2020-09-01,NVDA,2020,0.6083,0.6993864,MLP-Torch,TARGET_TREND_ANG_15_5
2020-09-02,NVDA,2020,0.51692,0.7266954,MLP-Torch,TARGET_TREND_ANG_15_5
2020-09-03,NVDA,2020,0.40849,0.5548583,MLP-Torch,TARGET_TREND_ANG_15_5
2020-09-04,NVDA,2020,0.3915,0.4239155,MLP-Torch,TARGET_TREND_ANG_15_5
2020-09-08,NVDA,2020,0.38037,0.3253886,MLP-Torch,TARGET_TREND_ANG_15_5
2020-09-09,NVDA,2020,0.35081,0.3955113,MLP-Torch,TARGET_TREND_ANG_15_5
2020-09-10,NVDA,2020,0.31224,0.3599199,MLP-Torch,TARGET_TREND_ANG_15_5
2020-09-11,NVDA,2020,0.25796,0.3446286,MLP-Torch,TARGET_TREND_ANG_15_5
2020-09-14,NVDA,2020,0.27045,0.4392902,MLP-Torch,TARGET_TREND_ANG_15_5
2020-09-15,NVDA,2020,0.29915,0.49620232,MLP-Torch,TARGET_TREND_ANG_15_5
2020-09-16,NVDA,2020,0.3295,0.4500133,MLP-Torch,TARGET_TREND_ANG_15_5
2020-09-17,NVDA,2020,0.44608,0.42810515,MLP-Torch,TARGET_TREND_ANG_15_5
2020-09-18,NVDA,2020,0.52103,0.3989134,MLP-Torch,TARGET_TREND_ANG_15_5
2020-09-21,NVDA,2020,0.57371,0.42235845,MLP-Torch,TARGET_TREND_ANG_15_5
2020-09-22,NVDA,2020,0.57525,0.47924244,MLP-Torch,TARGET_TREND_ANG_15_5
2020-09-23,NVDA,2020,0.65432,0.40371498,MLP-Torch,TARGET_TREND_ANG_15_5
2020-09-24,NVDA,2020,0.68775,0.4431676,MLP-Torch,TARGET_TREND_ANG_15_5
2020-09-25,NVDA,2020,0.66098,0.51907575,MLP-Torch,TARGET_TREND_ANG_15_5
2020-09-28,NVDA,2020,0.71205,0.59474516,MLP-Torch,TARGET_TREND_ANG_15_5
2020-09-29,NVDA,2020,0.75977,0.6211628,MLP-Torch,TARGET_TREND_ANG_15_5
2020-09-30,NVDA,2020,0.78105,0.65232235,MLP-Torch,TARGET_TREND_ANG_15_5
2020-10-01,NVDA,2020,0.78863,0.67522544,MLP-Torch,TARGET_TREND_ANG_15_5
2020-10-02,NVDA,2020,0.78285,0.5824297,MLP-Torch,TARGET_TREND_ANG_15_5
2020-10-05,NVDA,2020,0.7846,0.6401444,MLP-Torch,TARGET_TREND_ANG_15_5
2020-10-06,NVDA,2020,0.78976,0.65809333,MLP-Torch,TARGET_TREND_ANG_15_5
2020-10-07,NVDA,2020,0.75533,0.6526281,MLP-Torch,TARGET_TREND_ANG_15_5
2020-10-08,NVDA,2020,0.71359,0.60288435,MLP-Torch,TARGET_TREND_ANG_15_5
2020-10-09,NVDA,2020,0.67572,0.5852672,MLP-Torch,TARGET_TREND_ANG_15_5
2020-10-12,NVDA,2020,0.6126,0.6302631,MLP-Torch,TARGET_TREND_ANG_15_5
2020-10-13,NVDA,2020,0.56813,0.6324566,MLP-Torch,TARGET_TREND_ANG_15_5
2020-10-14,NVDA,2020,0.53344,0.58531386,MLP-Torch,TARGET_TREND_ANG_15_5
2020-10-15,NVDA,2020,0.49284,0.54244155,MLP-Torch,TARGET_TREND_ANG_15_5
2020-10-16,NVDA,2020,0.42692,0.49980065,MLP-Torch,TARGET_TREND_ANG_15_5
2020-10-19,NVDA,2020,0.37096,0.41447818,MLP-Torch,TARGET_TREND_ANG_15_5
2020-10-20,NVDA,2020,0.34834,0.41406196,MLP-Torch,TARGET_TREND_ANG_15_5
2020-10-21,NVDA,2020,0.29902,0.39097434,MLP-Torch,TARGET_TREND_ANG_15_5
2020-10-22,NVDA,2020,0.27603,0.35504517,MLP-Torch,TARGET_TREND_ANG_15_5
2020-10-23,NVDA,2020,0.23928,0.3976776,MLP-Torch,TARGET_TREND_ANG_15_5
2020-10-26,NVDA,2020,0.22804,0.35575515,MLP-Torch,TARGET_TREND_ANG_15_5
2020-10-27,NVDA,2020,0.25718,0.38633814,MLP-Torch,TARGET_TREND_ANG_15_5
2020-10-28,NVDA,2020,0.31861,0.31303173,MLP-Torch,TARGET_TREND_ANG_15_5
2020-10-29,NVDA,2020,0.42943,0.37178963,MLP-Torch,TARGET_TREND_ANG_15_5
2020-10-30,NVDA,2020,0.56365,0.3225574,MLP-Torch,TARGET_TREND_ANG_15_5
2020-11-02,NVDA,2020,0.59393,0.3447583,MLP-Torch,TARGET_TREND_ANG_15_5
2020-11-03,NVDA,2020,0.57047,0.42663133,MLP-Torch,TARGET_TREND_ANG_15_5
2020-11-04,NVDA,2020,0.58942,0.5887271,MLP-Torch,TARGET_TREND_ANG_15_5
2020-11-05,NVDA,2020,0.60057,0.6422071,MLP-Torch,TARGET_TREND_ANG_15_5
2020-11-06,NVDA,2020,0.61604,0.6885444,MLP-Torch,TARGET_TREND_ANG_15_5
2020-11-09,NVDA,2020,0.62636,0.5850531,MLP-Torch,TARGET_TREND_ANG_15_5
2020-11-10,NVDA,2020,0.64671,0.44020963,MLP-Torch,TARGET_TREND_ANG_15_5
2020-11-11,NVDA,2020,0.5961,0.48438174,MLP-Torch,TARGET_TREND_ANG_15_5
2020-11-12,NVDA,2020,0.57327,0.5110591,MLP-Torch,TARGET_TREND_ANG_15_5
2020-11-13,NVDA,2020,0.48128,0.4326367,MLP-Torch,TARGET_TREND_ANG_15_5
2020-11-16,NVDA,2020,0.39397,0.45657164,MLP-Torch,TARGET_TREND_ANG_15_5
2020-11-17,NVDA,2020,0.32885,0.44772166,MLP-Torch,TARGET_TREND_ANG_15_5
2020-11-18,NVDA,2020,0.33655,0.45915094,MLP-Torch,TARGET_TREND_ANG_15_5
2020-11-19,NVDA,2020,0.37694,0.47225973,MLP-Torch,TARGET_TREND_ANG_15_5
2020-11-20,NVDA,2020,0.47007,0.4359919,MLP-Torch,TARGET_TREND_ANG_15_5
2020-11-23,NVDA,2020,0.50453,0.42940867,MLP-Torch,TARGET_TREND_ANG_15_5
2020-11-24,NVDA,2020,0.48093,0.39507356,MLP-Torch,TARGET_TREND_ANG_15_5
2020-11-25,NVDA,2020,0.49314,0.45673785,MLP-Torch,TARGET_TREND_ANG_15_5
2020-11-27,NVDA,2020,0.52001,0.45219597,MLP-Torch,TARGET_TREND_ANG_15_5
2020-11-30,NVDA,2020,0.53568,0.48047063,MLP-Torch,TARGET_TREND_ANG_15_5
2020-12-01,NVDA,2020,0.54781,0.5115681,MLP-Torch,TARGET_TREND_ANG_15_5
2020-12-02,NVDA,2020,0.52416,0.5640592,MLP-Torch,TARGET_TREND_ANG_15_5
2020-12-03,NVDA,2020,0.50933,0.569422,MLP-Torch,TARGET_TREND_ANG_15_5
2020-12-04,NVDA,2020,0.50264,0.56843084,MLP-Torch,TARGET_TREND_ANG_15_5
2020-12-07,NVDA,2020,0.4928,0.57361203,MLP-Torch,TARGET_TREND_ANG_15_5
2020-12-08,NVDA,2020,0.48831,0.5219156,MLP-Torch,TARGET_TREND_ANG_15_5
2020-12-09,NVDA,2020,0.45716,0.37508622,MLP-Torch,TARGET_TREND_ANG_15_5
2020-12-10,NVDA,2020,0.45402,0.38662654,MLP-Torch,TARGET_TREND_ANG_15_5
2020-12-11,NVDA,2020,0.44696,0.3942503,MLP-Torch,TARGET_TREND_ANG_15_5
2020-12-14,NVDA,2020,0.45649,0.46178952,MLP-Torch,TARGET_TREND_ANG_15_5
2020-12-15,NVDA,2020,0.46095,0.48713335,MLP-Torch,TARGET_TREND_ANG_15_5
2020-12-16,NVDA,2020,0.45944,0.4847414,MLP-Torch,TARGET_TREND_ANG_15_5
2020-12-17,NVDA,2020,0.45118,0.5119675,MLP-Torch,TARGET_TREND_ANG_15_5
2020-12-18,NVDA,2020,0.45292,0.5354958,MLP-Torch,TARGET_TREND_ANG_15_5
2020-12-21,NVDA,2020,0.46877,0.5291778,MLP-Torch,TARGET_TREND_ANG_15_5
2020-12-22,NVDA,2020,0.48474,0.5174365,MLP-Torch,TARGET_TREND_ANG_15_5
2020-12-23,NVDA,2020,0.46134,0.44669604,MLP-Torch,TARGET_TREND_ANG_15_5
2020-12-24,NVDA,2020,0.4448,0.3924844,MLP-Torch,TARGET_TREND_ANG_15_5
2020-12-28,NVDA,2020,0.45094,0.3735966,MLP-Torch,TARGET_TREND_ANG_15_5
2020-12-29,NVDA,2020,0.4211,0.38610128,MLP-Torch,TARGET_TREND_ANG_15_5
2020-12-30,NVDA,2020,0.45549,0.45805323,MLP-Torch,TARGET_TREND_ANG_15_5
2020-12-31,NVDA,2020,0.47474,0.44592246,MLP-Torch,TARGET_TREND_ANG_15_5
2021-01-04,NVDA,2021,0.52736,0.495387,MLP-Torch,TARGET_TREND_ANG_15_5
2021-01-05,NVDA,2021,0.55955,0.5779473,MLP-Torch,TARGET_TREND_ANG_15_5
2021-01-06,NVDA,2021,0.60301,0.36297908,MLP-Torch,TARGET_TREND_ANG_15_5
2021-01-07,NVDA,2021,0.60629,0.54773885,MLP-Torch,TARGET_TREND_ANG_15_5
2021-01-08,NVDA,2021,0.57234,0.5746587,MLP-Torch,TARGET_TREND_ANG_15_5
2021-01-11,NVDA,2021,0.54746,0.6205347,MLP-Torch,TARGET_TREND_ANG_15_5
2021-01-12,NVDA,2021,0.54035,0.5975949,MLP-Torch,TARGET_TREND_ANG_15_5
2021-01-13,NVDA,2021,0.56622,0.6068556,MLP-Torch,TARGET_TREND_ANG_15_5
2021-01-14,NVDA,2021,0.59005,0.51528525,MLP-Torch,TARGET_TREND_ANG_15_5
2021-01-15,NVDA,2021,0.59768,0.4329429,MLP-Torch,TARGET_TREND_ANG_15_5
2021-01-19,NVDA,2021,0.5854,0.43957895,MLP-Torch,TARGET_TREND_ANG_15_5
2021-01-20,NVDA,2021,0.55632,0.5006884,MLP-Torch,TARGET_TREND_ANG_15_5
2021-01-21,NVDA,2021,0.47957,0.61134917,MLP-Torch,TARGET_TREND_ANG_15_5
2021-01-22,NVDA,2021,0.45303,0.5677981,MLP-Torch,TARGET_TREND_ANG_15_5
2021-01-25,NVDA,2021,0.44185,0.57605237,MLP-Torch,TARGET_TREND_ANG_15_5
2021-01-26,NVDA,2021,0.48023,0.53060097,MLP-Torch,TARGET_TREND_ANG_15_5
2021-01-27,NVDA,2021,0.50797,0.41631502,MLP-Torch,TARGET_TREND_ANG_15_5
2021-01-28,NVDA,2021,0.54911,0.45108792,MLP-Torch,TARGET_TREND_ANG_15_5
2021-01-29,NVDA,2021,0.55627,0.3981763,MLP-Torch,TARGET_TREND_ANG_15_5
2021-02-01,NVDA,2021,0.5899,0.44251424,MLP-Torch,TARGET_TREND_ANG_15_5
2021-02-02,NVDA,2021,0.60678,0.501455,MLP-Torch,TARGET_TREND_ANG_15_5
2021-02-03,NVDA,2021,0.66858,0.5580196,MLP-Torch,TARGET_TREND_ANG_15_5
2021-02-04,NVDA,2021,0.75963,0.55135876,MLP-Torch,TARGET_TREND_ANG_15_5
2021-02-05,NVDA,2021,0.80611,0.5773423,MLP-Torch,TARGET_TREND_ANG_15_5
2021-02-08,NVDA,2021,0.83468,0.6839558,MLP-Torch,TARGET_TREND_ANG_15_5
2021-02-09,NVDA,2021,0.84757,0.67485213,MLP-Torch,TARGET_TREND_ANG_15_5
2021-02-10,NVDA,2021,0.82866,0.70827967,MLP-Torch,TARGET_TREND_ANG_15_5
2021-02-11,NVDA,2021,0.80826,0.72400755,MLP-Torch,TARGET_TREND_ANG_15_5
2021-02-12,NVDA,2021,0.76456,0.6970002,MLP-Torch,TARGET_TREND_ANG_15_5
2021-02-16,NVDA,2021,0.69504,0.7073092,MLP-Torch,TARGET_TREND_ANG_15_5
2021-02-17,NVDA,2021,0.65151,0.6342439,MLP-Torch,TARGET_TREND_ANG_15_5
2021-02-18,NVDA,2021,0.5131,0.6001016,MLP-Torch,TARGET_TREND_ANG_15_5
2021-02-19,NVDA,2021,0.40608,0.60339445,MLP-Torch,TARGET_TREND_ANG_15_5
2021-02-22,NVDA,2021,0.30763,0.46561357,MLP-Torch,TARGET_TREND_ANG_15_5
2021-02-23,NVDA,2021,0.25036,0.37785235,MLP-Torch,TARGET_TREND_ANG_15_5
2021-02-24,NVDA,2021,0.18865,0.43703303,MLP-Torch,TARGET_TREND_ANG_15_5
2021-02-25,NVDA,2021,0.13265,0.3230314,MLP-Torch,TARGET_TREND_ANG_15_5
2021-02-26,NVDA,2021,0.12699,0.35500032,MLP-Torch,TARGET_TREND_ANG_15_5
2021-03-01,NVDA,2021,0.10322,0.38848522,MLP-Torch,TARGET_TREND_ANG_15_5
2021-03-02,NVDA,2021,0.10791,0.33681387,MLP-Torch,TARGET_TREND_ANG_15_5
2021-03-03,NVDA,2021,0.10817,0.29989743,MLP-Torch,TARGET_TREND_ANG_15_5
2021-03-04,NVDA,2021,0.12868,0.2870269,MLP-Torch,TARGET_TREND_ANG_15_5
2021-03-05,NVDA,2021,0.17045,0.2922062,MLP-Torch,TARGET_TREND_ANG_15_5
2021-03-08,NVDA,2021,0.20947,0.25880185,MLP-Torch,TARGET_TREND_ANG_15_5
2021-03-09,NVDA,2021,0.2949,0.3500314,MLP-Torch,TARGET_TREND_ANG_15_5
2021-03-10,NVDA,2021,0.42645,0.3745229,MLP-Torch,TARGET_TREND_ANG_15_5
2021-03-11,NVDA,2021,0.44318,0.47774306,MLP-Torch,TARGET_TREND_ANG_15_5
2021-03-12,NVDA,2021,0.50638,0.4701098,MLP-Torch,TARGET_TREND_ANG_15_5
2021-03-15,NVDA,2021,0.6098,0.55982596,MLP-Torch,TARGET_TREND_ANG_15_5
2021-03-16,NVDA,2021,0.66871,0.5914129,MLP-Torch,TARGET_TREND_ANG_15_5
2021-03-17,NVDA,2021,0.66144,0.61348075,MLP-Torch,TARGET_TREND_ANG_15_5
2021-03-18,NVDA,2021,0.62347,0.5356069,MLP-Torch,TARGET_TREND_ANG_15_5
2021-03-19,NVDA,2021,0.60115,0.5433721,MLP-Torch,TARGET_TREND_ANG_15_5
2021-03-22,NVDA,2021,0.51046,0.5778763,MLP-Torch,TARGET_TREND_ANG_15_5
2021-03-23,NVDA,2021,0.47731,0.57764566,MLP-Torch,TARGET_TREND_ANG_15_5
2021-03-24,NVDA,2021,0.46988,0.4650314,MLP-Torch,TARGET_TREND_ANG_15_5
2021-03-25,NVDA,2021,0.53418,0.42664346,MLP-Torch,TARGET_TREND_ANG_15_5
2021-03-26,NVDA,2021,0.58775,0.47689673,MLP-Torch,TARGET_TREND_ANG_15_5
2021-03-29,NVDA,2021,0.64381,0.5096103,MLP-Torch,TARGET_TREND_ANG_15_5
2021-03-30,NVDA,2021,0.71213,0.49637598,MLP-Torch,TARGET_TREND_ANG_15_5
2021-03-31,NVDA,2021,0.76543,0.59501445,MLP-Torch,TARGET_TREND_ANG_15_5
2021-04-01,NVDA,2021,0.77881,0.6610406,MLP-Torch,TARGET_TREND_ANG_15_5
2021-04-05,NVDA,2021,0.81792,0.679863,MLP-Torch,TARGET_TREND_ANG_15_5
2021-04-06,NVDA,2021,0.86558,0.6700901,MLP-Torch,TARGET_TREND_ANG_15_5
2021-04-07,NVDA,2021,0.87987,0.6811925,MLP-Torch,TARGET_TREND_ANG_15_5
2021-04-08,NVDA,2021,0.89447,0.69112706,MLP-Torch,TARGET_TREND_ANG_15_5
2021-04-09,NVDA,2021,0.89425,0.67178136,MLP-Torch,TARGET_TREND_ANG_15_5
2021-04-12,NVDA,2021,0.87288,0.7121797,MLP-Torch,TARGET_TREND_ANG_15_5
2021-04-13,NVDA,2021,0.84433,0.73610127,MLP-Torch,TARGET_TREND_ANG_15_5
2021-04-14,NVDA,2021,0.81592,0.7031907,MLP-Torch,TARGET_TREND_ANG_15_5
2021-04-15,NVDA,2021,0.7531,0.7328113,MLP-Torch,TARGET_TREND_ANG_15_5
2021-04-16,NVDA,2021,0.72117,0.70753866,MLP-Torch,TARGET_TREND_ANG_15_5
2021-04-19,NVDA,2021,0.69738,0.61684185,MLP-Torch,TARGET_TREND_ANG_15_5
2021-04-20,NVDA,2021,0.64215,0.5659976,MLP-Torch,TARGET_TREND_ANG_15_5
2021-04-21,NVDA,2021,0.57642,0.5545299,MLP-Torch,TARGET_TREND_ANG_15_5
2021-04-22,NVDA,2021,0.51334,0.44858167,MLP-Torch,TARGET_TREND_ANG_15_5
2021-04-23,NVDA,2021,0.42617,0.47644398,MLP-Torch,TARGET_TREND_ANG_15_5
2021-04-26,NVDA,2021,0.3844,0.48342094,MLP-Torch,TARGET_TREND_ANG_15_5
2021-04-27,NVDA,2021,0.34909,0.48816478,MLP-Torch,TARGET_TREND_ANG_15_5
2021-04-28,NVDA,2021,0.30791,0.46631807,MLP-Torch,TARGET_TREND_ANG_15_5
2021-04-29,NVDA,2021,0.32654,0.5063021,MLP-Torch,TARGET_TREND_ANG_15_5
2021-04-30,NVDA,2021,0.35693,0.42612278,MLP-Torch,TARGET_TREND_ANG_15_5
2021-05-03,NVDA,2021,0.33442,0.40337077,MLP-Torch,TARGET_TREND_ANG_15_5
2021-05-04,NVDA,2021,0.30808,0.3409536,MLP-Torch,TARGET_TREND_ANG_15_5
2021-05-05,NVDA,2021,0.27936,0.37322134,MLP-Torch,TARGET_TREND_ANG_15_5
2021-05-06,NVDA,2021,0.23496,0.3552112,MLP-Torch,TARGET_TREND_ANG_15_5
2021-05-07,NVDA,2021,0.24487,0.43449315,MLP-Torch,TARGET_TREND_ANG_15_5
2021-05-10,NVDA,2021,0.25747,0.36131433,MLP-Torch,TARGET_TREND_ANG_15_5
2021-05-11,NVDA,2021,0.27582,0.3672735,MLP-Torch,TARGET_TREND_ANG_15_5
2021-05-12,NVDA,2021,0.29456,0.3200156,MLP-Torch,TARGET_TREND_ANG_15_5
2021-05-13,NVDA,2021,0.36694,0.32703045,MLP-Torch,TARGET_TREND_ANG_15_5
2021-05-14,NVDA,2021,0.46213,0.42314935,MLP-Torch,TARGET_TREND_ANG_15_5
2021-05-17,NVDA,2021,0.58467,0.42012957,MLP-Torch,TARGET_TREND_ANG_15_5
2021-05-18,NVDA,2021,0.65971,0.43151364,MLP-Torch,TARGET_TREND_ANG_15_5
2021-05-19,NVDA,2021,0.72193,0.4329215,MLP-Torch,TARGET_TREND_ANG_15_5
2021-05-20,NVDA,2021,0.75397,0.5804557,MLP-Torch,TARGET_TREND_ANG_15_5
2021-05-21,NVDA,2021,0.813,0.63341403,MLP-Torch,TARGET_TREND_ANG_15_5
2021-05-24,NVDA,2021,0.83346,0.68843555,MLP-Torch,TARGET_TREND_ANG_15_5
2021-05-25,NVDA,2021,0.86281,0.6958463,MLP-Torch,TARGET_TREND_ANG_15_5
2021-05-26,NVDA,2021,0.87245,0.69411665,MLP-Torch,TARGET_TREND_ANG_15_5
2021-05-27,NVDA,2021,0.88506,0.6626211,MLP-Torch,TARGET_TREND_ANG_15_5
2021-05-28,NVDA,2021,0.88869,0.69566756,MLP-Torch,TARGET_TREND_ANG_15_5
2021-06-01,NVDA,2021,0.88794,0.7022963,MLP-Torch,TARGET_TREND_ANG_15_5
2021-06-02,NVDA,2021,0.86918,0.71251076,MLP-Torch,TARGET_TREND_ANG_15_5
2021-06-03,NVDA,2021,0.84471,0.7146723,MLP-Torch,TARGET_TREND_ANG_15_5
2021-06-04,NVDA,2021,0.82503,0.72873396,MLP-Torch,TARGET_TREND_ANG_15_5
2021-06-07,NVDA,2021,0.81459,0.72326136,MLP-Torch,TARGET_TREND_ANG_15_5
2021-06-08,NVDA,2021,0.80697,0.6963025,MLP-Torch,TARGET_TREND_ANG_15_5
2021-06-09,NVDA,2021,0.79108,0.6594889,MLP-Torch,TARGET_TREND_ANG_15_5
2021-06-10,NVDA,2021,0.78986,0.65024257,MLP-Torch,TARGET_TREND_ANG_15_5
2021-06-11,NVDA,2021,0.76432,0.64203984,MLP-Torch,TARGET_TREND_ANG_15_5
2021-06-14,NVDA,2021,0.74595,0.63698816,MLP-Torch,TARGET_TREND_ANG_15_5
2021-06-15,NVDA,2021,0.7369,0.6184194,MLP-Torch,TARGET_TREND_ANG_15_5
2021-06-16,NVDA,2021,0.73858,0.6050192,MLP-Torch,TARGET_TREND_ANG_15_5
2021-06-17,NVDA,2021,0.73351,0.6576564,MLP-Torch,TARGET_TREND_ANG_15_5
2021-06-18,NVDA,2021,0.74365,0.6578816,MLP-Torch,TARGET_TREND_ANG_15_5
2021-06-21,NVDA,2021,0.77936,0.5906051,MLP-Torch,TARGET_TREND_ANG_15_5
2021-06-22,NVDA,2021,0.79137,0.6353405,MLP-Torch,TARGET_TREND_ANG_15_5
2021-06-23,NVDA,2021,0.79243,0.64628196,MLP-Torch,TARGET_TREND_ANG_15_5
2021-06-24,NVDA,2021,0.79132,0.6446751,MLP-Torch,TARGET_TREND_ANG_15_5
2021-06-25,NVDA,2021,0.80191,0.6059329,MLP-Torch,TARGET_TREND_ANG_15_5
2021-06-28,NVDA,2021,0.80227,0.678867,MLP-Torch,TARGET_TREND_ANG_15_5
2021-06-29,NVDA,2021,0.78788,0.6657873,MLP-Torch,TARGET_TREND_ANG_15_5
2021-06-30,NVDA,2021,0.74979,0.6683698,MLP-Torch,TARGET_TREND_ANG_15_5
2021-07-01,NVDA,2021,0.73024,0.6564184,MLP-Torch,TARGET_TREND_ANG_15_5
2021-07-02,NVDA,2021,0.71722,0.6650659,MLP-Torch,TARGET_TREND_ANG_15_5
2021-07-06,NVDA,2021,0.67708,0.66697985,MLP-Torch,TARGET_TREND_ANG_15_5
2021-07-07,NVDA,2021,0.63047,0.6282107,MLP-Torch,TARGET_TREND_ANG_15_5
2021-07-08,NVDA,2021,0.54006,0.50752866,MLP-Torch,TARGET_TREND_ANG_15_5
2021-07-09,NVDA,2021,0.41369,0.51983136,MLP-Torch,TARGET_TREND_ANG_15_5
2021-07-12,NVDA,2021,0.32836,0.5545339,MLP-Torch,TARGET_TREND_ANG_15_5
2021-07-13,NVDA,2021,0.28496,0.49718037,MLP-Torch,TARGET_TREND_ANG_15_5
2021-07-14,NVDA,2021,0.27762,0.43854538,MLP-Torch,TARGET_TREND_ANG_15_5
2021-07-15,NVDA,2021,0.27416,0.35385516,MLP-Torch,TARGET_TREND_ANG_15_5
2021-07-16,NVDA,2021,0.28065,0.30437055,MLP-Torch,TARGET_TREND_ANG_15_5
2021-07-19,NVDA,2021,0.3067,0.33540303,MLP-Torch,TARGET_TREND_ANG_15_5
2021-07-20,NVDA,2021,0.34063,0.33039612,MLP-Torch,TARGET_TREND_ANG_15_5
2021-07-21,NVDA,2021,0.38989,0.41292077,MLP-Torch,TARGET_TREND_ANG_15_5
2021-07-22,NVDA,2021,0.42506,0.46423584,MLP-Torch,TARGET_TREND_ANG_15_5
2021-07-23,NVDA,2021,0.46238,0.49252656,MLP-Torch,TARGET_TREND_ANG_15_5
2021-07-26,NVDA,2021,0.54287,0.5005569,MLP-Torch,TARGET_TREND_ANG_15_5
2021-07-27,NVDA,2021,0.61503,0.5065951,MLP-Torch,TARGET_TREND_ANG_15_5
2021-07-28,NVDA,2021,0.67932,0.53648794,MLP-Torch,TARGET_TREND_ANG_15_5
2021-07-29,NVDA,2021,0.71034,0.5551581,MLP-Torch,TARGET_TREND_ANG_15_5
2021-07-30,NVDA,2021,0.69137,0.55053276,MLP-Torch,TARGET_TREND_ANG_15_5
2021-08-02,NVDA,2021,0.68034,0.5824468,MLP-Torch,TARGET_TREND_ANG_15_5
2021-08-03,NVDA,2021,0.63947,0.5923774,MLP-Torch,TARGET_TREND_ANG_15_5
2021-08-04,NVDA,2021,0.61473,0.64239055,MLP-Torch,TARGET_TREND_ANG_15_5
2021-08-05,NVDA,2021,0.60673,0.6565413,MLP-Torch,TARGET_TREND_ANG_15_5
2021-08-06,NVDA,2021,0.61041,0.6296335,MLP-Torch,TARGET_TREND_ANG_15_5
2021-08-09,NVDA,2021,0.58545,0.6029126,MLP-Torch,TARGET_TREND_ANG_15_5
2021-08-10,NVDA,2021,0.52809,0.5491854,MLP-Torch,TARGET_TREND_ANG_15_5
2021-08-11,NVDA,2021,0.46189,0.47838014,MLP-Torch,TARGET_TREND_ANG_15_5
2021-08-12,NVDA,2021,0.44479,0.47367188,MLP-Torch,TARGET_TREND_ANG_15_5
2021-08-13,NVDA,2021,0.46617,0.50189275,MLP-Torch,TARGET_TREND_ANG_15_5
2021-08-16,NVDA,2021,0.546,0.4567104,MLP-Torch,TARGET_TREND_ANG_15_5
2021-08-17,NVDA,2021,0.60714,0.39850774,MLP-Torch,TARGET_TREND_ANG_15_5
2021-08-18,NVDA,2021,0.69177,0.35056674,MLP-Torch,TARGET_TREND_ANG_15_5
2021-08-19,NVDA,2021,0.75108,0.4704929,MLP-Torch,TARGET_TREND_ANG_15_5
2021-08-20,NVDA,2021,0.79468,0.60041136,MLP-Torch,TARGET_TREND_ANG_15_5
2021-08-23,NVDA,2021,0.81951,0.7012961,MLP-Torch,TARGET_TREND_ANG_15_5
2021-08-24,NVDA,2021,0.8319,0.68680215,MLP-Torch,TARGET_TREND_ANG_15_5
2021-08-25,NVDA,2021,0.82858,0.7192627,MLP-Torch,TARGET_TREND_ANG_15_5
2021-08-26,NVDA,2021,0.82638,0.70664525,MLP-Torch,TARGET_TREND_ANG_15_5
2021-08-27,NVDA,2021,0.82577,0.7187436,MLP-Torch,TARGET_TREND_ANG_15_5
2021-08-30,NVDA,2021,0.81391,0.70434093,MLP-Torch,TARGET_TREND_ANG_15_5
2021-08-31,NVDA,2021,0.7757,0.65605915,MLP-Torch,TARGET_TREND_ANG_15_5
2021-09-01,NVDA,2021,0.69254,0.64007264,MLP-Torch,TARGET_TREND_ANG_15_5
2021-09-02,NVDA,2021,0.61338,0.6084657,MLP-Torch,TARGET_TREND_ANG_15_5
2021-09-03,NVDA,2021,0.54091,0.62215734,MLP-Torch,TARGET_TREND_ANG_15_5
2021-09-07,NVDA,2021,0.51803,0.57647616,MLP-Torch,TARGET_TREND_ANG_15_5
2021-09-08,NVDA,2021,0.48904,0.508461,MLP-Torch,TARGET_TREND_ANG_15_5
2021-09-09,NVDA,2021,0.47253,0.47234434,MLP-Torch,TARGET_TREND_ANG_15_5
2021-09-10,NVDA,2021,0.43545,0.5118117,MLP-Torch,TARGET_TREND_ANG_15_5
2021-09-13,NVDA,2021,0.39322,0.44556615,MLP-Torch,TARGET_TREND_ANG_15_5
2021-09-14,NVDA,2021,0.37025,0.42534673,MLP-Torch,TARGET_TREND_ANG_15_5
2021-09-15,NVDA,2021,0.36921,0.45076331,MLP-Torch,TARGET_TREND_ANG_15_5
2021-09-16,NVDA,2021,0.39305,0.4243485,MLP-Torch,TARGET_TREND_ANG_15_5
2021-09-17,NVDA,2021,0.39828,0.38115174,MLP-Torch,TARGET_TREND_ANG_15_5
2021-09-20,NVDA,2021,0.4075,0.3009844,MLP-Torch,TARGET_TREND_ANG_15_5
2021-09-21,NVDA,2021,0.37919,0.3388298,MLP-Torch,TARGET_TREND_ANG_15_5
2021-09-22,NVDA,2021,0.34586,0.42725366,MLP-Torch,TARGET_TREND_ANG_15_5
2021-09-23,NVDA,2021,0.32485,0.5180712,MLP-Torch,TARGET_TREND_ANG_15_5
2021-09-24,NVDA,2021,0.31822,0.48531604,MLP-Torch,TARGET_TREND_ANG_15_5
2021-09-27,NVDA,2021,0.27467,0.45505285,MLP-Torch,TARGET_TREND_ANG_15_5
2021-09-28,NVDA,2021,0.26412,0.32971653,MLP-Torch,TARGET_TREND_ANG_15_5
2021-09-29,NVDA,2021,0.27958,0.34468597,MLP-Torch,TARGET_TREND_ANG_15_5
2021-09-30,NVDA,2021,0.31687,0.35306743,MLP-Torch,TARGET_TREND_ANG_15_5
2021-10-01,NVDA,2021,0.33815,0.35302612,MLP-Torch,TARGET_TREND_ANG_15_5
2021-10-04,NVDA,2021,0.31857,0.2891253,MLP-Torch,TARGET_TREND_ANG_15_5
2021-10-05,NVDA,2021,0.31927,0.3781059,MLP-Torch,TARGET_TREND_ANG_15_5
2021-10-06,NVDA,2021,0.36024,0.42262524,MLP-Torch,TARGET_TREND_ANG_15_5
2021-10-07,NVDA,2021,0.47338,0.50104684,MLP-Torch,TARGET_TREND_ANG_15_5
2021-10-08,NVDA,2021,0.57943,0.48807558,MLP-Torch,TARGET_TREND_ANG_15_5
2021-10-11,NVDA,2021,0.6725,0.4994636,MLP-Torch,TARGET_TREND_ANG_15_5
2021-10-12,NVDA,2021,0.71316,0.5068202,MLP-Torch,TARGET_TREND_ANG_15_5
2021-10-13,NVDA,2021,0.72779,0.5620767,MLP-Torch,TARGET_TREND_ANG_15_5
2021-10-14,NVDA,2021,0.75342,0.62055033,MLP-Torch,TARGET_TREND_ANG_15_5
2021-10-15,NVDA,2021,0.77563,0.63316196,MLP-Torch,TARGET_TREND_ANG_15_5
2021-10-18,NVDA,2021,0.77001,0.6483858,MLP-Torch,TARGET_TREND_ANG_15_5
2021-10-19,NVDA,2021,0.80952,0.6647329,MLP-Torch,TARGET_TREND_ANG_15_5
2021-10-20,NVDA,2021,0.83376,0.6414374,MLP-Torch,TARGET_TREND_ANG_15_5
2021-10-21,NVDA,2021,0.85465,0.6596504,MLP-Torch,TARGET_TREND_ANG_15_5
2021-10-22,NVDA,2021,0.87362,0.6612039,MLP-Torch,TARGET_TREND_ANG_15_5
2021-10-25,NVDA,2021,0.88029,0.67229015,MLP-Torch,TARGET_TREND_ANG_15_5
2021-10-26,NVDA,2021,0.87624,0.7292918,MLP-Torch,TARGET_TREND_ANG_15_5
2021-10-27,NVDA,2021,0.88153,0.7229843,MLP-Torch,TARGET_TREND_ANG_15_5
2021-10-28,NVDA,2021,0.91367,0.726082,MLP-Torch,TARGET_TREND_ANG_15_5
2021-10-29,NVDA,2021,0.92933,0.72218245,MLP-Torch,TARGET_TREND_ANG_15_5
2021-11-01,NVDA,2021,0.94602,0.71811485,MLP-Torch,TARGET_TREND_ANG_15_5
2021-11-02,NVDA,2021,0.95164,0.71888494,MLP-Torch,TARGET_TREND_ANG_15_5
2021-11-03,NVDA,2021,0.94511,0.7181953,MLP-Torch,TARGET_TREND_ANG_15_5
2021-11-04,NVDA,2021,0.92588,0.7591476,MLP-Torch,TARGET_TREND_ANG_15_5
2021-11-05,NVDA,2021,0.91612,0.76187766,MLP-Torch,TARGET_TREND_ANG_15_5
2021-11-08,NVDA,2021,0.89157,0.7655397,MLP-Torch,TARGET_TREND_ANG_15_5
2021-11-09,NVDA,2021,0.879,0.7509743,MLP-Torch,TARGET_TREND_ANG_15_5
2021-11-10,NVDA,2021,0.84845,0.67844886,MLP-Torch,TARGET_TREND_ANG_15_5
2021-11-11,NVDA,2021,0.82645,0.6905699,MLP-Torch,TARGET_TREND_ANG_15_5
2021-11-12,NVDA,2021,0.82376,0.6584385,MLP-Torch,TARGET_TREND_ANG_15_5
2021-11-15,NVDA,2021,0.79635,0.59746104,MLP-Torch,TARGET_TREND_ANG_15_5
2021-11-16,NVDA,2021,0.75186,0.5557831,MLP-Torch,TARGET_TREND_ANG_15_5
2021-11-17,NVDA,2021,0.71385,0.4856965,MLP-Torch,TARGET_TREND_ANG_15_5
2021-11-18,NVDA,2021,0.69115,0.6330963,MLP-Torch,TARGET_TREND_ANG_15_5
2021-11-19,NVDA,2021,0.71022,0.67296153,MLP-Torch,TARGET_TREND_ANG_15_5
2021-11-22,NVDA,2021,0.73922,0.6407338,MLP-Torch,TARGET_TREND_ANG_15_5
2021-11-23,NVDA,2021,0.72997,0.5724617,MLP-Torch,TARGET_TREND_ANG_15_5
2021-11-24,NVDA,2021,0.69712,0.6010529,MLP-Torch,TARGET_TREND_ANG_15_5
2021-11-26,NVDA,2021,0.65345,0.54198235,MLP-Torch,TARGET_TREND_ANG_15_5
2021-11-29,NVDA,2021,0.57324,0.6072241,MLP-Torch,TARGET_TREND_ANG_15_5
2021-11-30,NVDA,2021,0.5538,0.56254286,MLP-Torch,TARGET_TREND_ANG_15_5
2021-12-01,NVDA,2021,0.51134,0.5035169,MLP-Torch,TARGET_TREND_ANG_15_5
2021-12-02,NVDA,2021,0.39151,0.48527548,MLP-Torch,TARGET_TREND_ANG_15_5
2021-12-03,NVDA,2021,0.33692,0.41409796,MLP-Torch,TARGET_TREND_ANG_15_5
2021-12-06,NVDA,2021,0.2812,0.33276668,MLP-Torch,TARGET_TREND_ANG_15_5
2021-12-07,NVDA,2021,0.24503,0.4808499,MLP-Torch,TARGET_TREND_ANG_15_5
2021-12-08,NVDA,2021,0.24016,0.4661296,MLP-Torch,TARGET_TREND_ANG_15_5
2021-12-09,NVDA,2021,0.21617,0.41153204,MLP-Torch,TARGET_TREND_ANG_15_5
2021-12-10,NVDA,2021,0.17991,0.40129086,MLP-Torch,TARGET_TREND_ANG_15_5
2021-12-13,NVDA,2021,0.17197,0.3195029,MLP-Torch,TARGET_TREND_ANG_15_5
2021-12-14,NVDA,2021,0.20027,0.30045664,MLP-Torch,TARGET_TREND_ANG_15_5
2021-12-15,NVDA,2021,0.23449,0.4155815,MLP-Torch,TARGET_TREND_ANG_15_5
2021-12-16,NVDA,2021,0.27281,0.36249447,MLP-Torch,TARGET_TREND_ANG_15_5
2021-12-17,NVDA,2021,0.33348,0.31883124,MLP-Torch,TARGET_TREND_ANG_15_5
2021-12-20,NVDA,2021,0.36508,0.33701494,MLP-Torch,TARGET_TREND_ANG_15_5
2021-12-21,NVDA,2021,0.47947,0.43097556,MLP-Torch,TARGET_TREND_ANG_15_5
2021-12-22,NVDA,2021,0.56691,0.47353286,MLP-Torch,TARGET_TREND_ANG_15_5
2021-12-23,NVDA,2021,0.60687,0.52369255,MLP-Torch,TARGET_TREND_ANG_15_5
2021-12-27,NVDA,2021,0.65354,0.61096996,MLP-Torch,TARGET_TREND_ANG_15_5
2021-12-28,NVDA,2021,0.62082,0.6303117,MLP-Torch,TARGET_TREND_ANG_15_5
2021-12-29,NVDA,2021,0.53274,0.61959213,MLP-Torch,TARGET_TREND_ANG_15_5
2021-12-30,NVDA,2021,0.53849,0.5758848,MLP-Torch,TARGET_TREND_ANG_15_5
2021-12-31,NVDA,2021,0.448,0.54214436,MLP-Torch,TARGET_TREND_ANG_15_5
2022-01-03,NVDA,2022,0.35592,0.5319461,MLP-Torch,TARGET_TREND_ANG_15_5
2022-01-04,NVDA,2022,0.28124,0.42192885,MLP-Torch,TARGET_TREND_ANG_15_5
2022-01-05,NVDA,2022,0.24686,0.31906223,MLP-Torch,TARGET_TREND_ANG_15_5
2022-01-06,NVDA,2022,0.21208,0.32880673,MLP-Torch,TARGET_TREND_ANG_15_5
2022-01-07,NVDA,2022,0.18979,0.32080978,MLP-Torch,TARGET_TREND_ANG_15_5
2022-01-10,NVDA,2022,0.18955,0.31098184,MLP-Torch,TARGET_TREND_ANG_15_5
2022-01-11,NVDA,2022,0.17806,0.40511766,MLP-Torch,TARGET_TREND_ANG_15_5
2022-01-12,NVDA,2022,0.15873,0.42888114,MLP-Torch,TARGET_TREND_ANG_15_5
2022-01-13,NVDA,2022,0.12644,0.33091462,MLP-Torch,TARGET_TREND_ANG_15_5
2022-01-14,NVDA,2022,0.11633,0.3497704,MLP-Torch,TARGET_TREND_ANG_15_5
2022-01-18,NVDA,2022,0.10426,0.299059,MLP-Torch,TARGET_TREND_ANG_15_5
2022-01-19,NVDA,2022,0.09946,0.27879384,MLP-Torch,TARGET_TREND_ANG_15_5
2022-01-20,NVDA,2022,0.07823,0.26554188,MLP-Torch,TARGET_TREND_ANG_15_5
2022-01-21,NVDA,2022,0.07814,0.26041478,MLP-Torch,TARGET_TREND_ANG_15_5
2022-01-24,NVDA,2022,0.0957,0.2635007,MLP-Torch,TARGET_TREND_ANG_15_5
2022-01-25,NVDA,2022,0.11748,0.26445904,MLP-Torch,TARGET_TREND_ANG_15_5
2022-01-26,NVDA,2022,0.18597,0.28539595,MLP-Torch,TARGET_TREND_ANG_15_5
2022-01-27,NVDA,2022,0.26005,0.27975592,MLP-Torch,TARGET_TREND_ANG_15_5
2022-01-28,NVDA,2022,0.35573,0.31213924,MLP-Torch,TARGET_TREND_ANG_15_5
2022-01-31,NVDA,2022,0.5108,0.43686298,MLP-Torch,TARGET_TREND_ANG_15_5
2022-02-01,NVDA,2022,0.63676,0.536155,MLP-Torch,TARGET_TREND_ANG_15_5
2022-02-02,NVDA,2022,0.7525,0.59571445,MLP-Torch,TARGET_TREND_ANG_15_5
2022-02-03,NVDA,2022,0.80543,0.42085984,MLP-Torch,TARGET_TREND_ANG_15_5
2022-02-04,NVDA,2022,0.78212,0.49338,MLP-Torch,TARGET_TREND_ANG_15_5
2022-02-07,NVDA,2022,0.76192,0.5585364,MLP-Torch,TARGET_TREND_ANG_15_5
2022-02-08,NVDA,2022,0.76222,0.5969876,MLP-Torch,TARGET_TREND_ANG_15_5
2022-02-09,NVDA,2022,0.75231,0.69119245,MLP-Torch,TARGET_TREND_ANG_15_5
2022-02-10,NVDA,2022,0.66873,0.6655469,MLP-Torch,TARGET_TREND_ANG_15_5
2022-02-11,NVDA,2022,0.55007,0.42970586,MLP-Torch,TARGET_TREND_ANG_15_5
2022-02-14,NVDA,2022,0.46686,0.4242098,MLP-Torch,TARGET_TREND_ANG_15_5
2022-02-15,NVDA,2022,0.37414,0.6878011,MLP-Torch,TARGET_TREND_ANG_15_5
2022-02-16,NVDA,2022,0.36123,0.67716926,MLP-Torch,TARGET_TREND_ANG_15_5
2022-02-17,NVDA,2022,0.31083,0.48322394,MLP-Torch,TARGET_TREND_ANG_15_5
2022-02-18,NVDA,2022,0.28588,0.3657724,MLP-Torch,TARGET_TREND_ANG_15_5
2022-02-22,NVDA,2022,0.25392,0.34023985,MLP-Torch,TARGET_TREND_ANG_15_5
2022-02-23,NVDA,2022,0.25303,0.31074145,MLP-Torch,TARGET_TREND_ANG_15_5
2022-02-24,NVDA,2022,0.31351,0.34077382,MLP-Torch,TARGET_TREND_ANG_15_5
2022-02-25,NVDA,2022,0.32742,0.46140465,MLP-Torch,TARGET_TREND_ANG_15_5
2022-02-28,NVDA,2022,0.24598,0.48843664,MLP-Torch,TARGET_TREND_ANG_15_5
2022-03-01,NVDA,2022,0.19357,0.4184614,MLP-Torch,TARGET_TREND_ANG_15_5
2022-03-02,NVDA,2022,0.25246,0.50579405,MLP-Torch,TARGET_TREND_ANG_15_5
2022-03-03,NVDA,2022,0.32104,0.4520073,MLP-Torch,TARGET_TREND_ANG_15_5
2022-03-04,NVDA,2022,0.32366,0.36316502,MLP-Torch,TARGET_TREND_ANG_15_5
2022-03-07,NVDA,2022,0.27387,0.28540307,MLP-Torch,TARGET_TREND_ANG_15_5
2022-03-08,NVDA,2022,0.29117,0.28845668,MLP-Torch,TARGET_TREND_ANG_15_5
2022-03-09,NVDA,2022,0.33323,0.41488558,MLP-Torch,TARGET_TREND_ANG_15_5
2022-03-10,NVDA,2022,0.42388,0.4154932,MLP-Torch,TARGET_TREND_ANG_15_5
2022-03-11,NVDA,2022,0.61097,0.3648761,MLP-Torch,TARGET_TREND_ANG_15_5
2022-03-14,NVDA,2022,0.7711,0.30521575,MLP-Torch,TARGET_TREND_ANG_15_5
2022-03-15,NVDA,2022,0.82416,0.45621938,MLP-Torch,TARGET_TREND_ANG_15_5
2022-03-16,NVDA,2022,0.85418,0.6506328,MLP-Torch,TARGET_TREND_ANG_15_5
2022-03-17,NVDA,2022,0.90258,0.68056357,MLP-Torch,TARGET_TREND_ANG_15_5
2022-03-18,NVDA,2022,0.91265,0.724525,MLP-Torch,TARGET_TREND_ANG_15_5
2022-03-21,NVDA,2022,0.91432,0.73922986,MLP-Torch,TARGET_TREND_ANG_15_5
2022-03-22,NVDA,2022,0.91605,0.724714,MLP-Torch,TARGET_TREND_ANG_15_5
2022-03-23,NVDA,2022,0.91976,0.6529755,MLP-Torch,TARGET_TREND_ANG_15_5
2022-03-24,NVDA,2022,0.89029,0.738311,MLP-Torch,TARGET_TREND_ANG_15_5
2022-03-25,NVDA,2022,0.85515,0.7138681,MLP-Torch,TARGET_TREND_ANG_15_5
2022-03-28,NVDA,2022,0.78429,0.7187645,MLP-Torch,TARGET_TREND_ANG_15_5
2022-03-29,NVDA,2022,0.67175,0.7290676,MLP-Torch,TARGET_TREND_ANG_15_5
2022-03-30,NVDA,2022,0.51594,0.6741752,MLP-Torch,TARGET_TREND_ANG_15_5
2022-03-31,NVDA,2022,0.35108,0.6060486,MLP-Torch,TARGET_TREND_ANG_15_5
2022-04-01,NVDA,2022,0.24303,0.53326726,MLP-Torch,TARGET_TREND_ANG_15_5
2022-04-04,NVDA,2022,0.16806,0.56541824,MLP-Torch,TARGET_TREND_ANG_15_5
2022-04-05,NVDA,2022,0.10587,0.38415754,MLP-Torch,TARGET_TREND_ANG_15_5
2022-04-06,NVDA,2022,0.06387,0.3084119,MLP-Torch,TARGET_TREND_ANG_15_5
2022-04-07,NVDA,2022,0.05268,0.29957715,MLP-Torch,TARGET_TREND_ANG_15_5
2022-04-08,NVDA,2022,0.04313,0.28346357,MLP-Torch,TARGET_TREND_ANG_15_5
2022-04-11,NVDA,2022,0.0434,0.26196492,MLP-Torch,TARGET_TREND_ANG_15_5
2022-04-12,NVDA,2022,0.05288,0.2659058,MLP-Torch,TARGET_TREND_ANG_15_5
2022-04-13,NVDA,2022,0.06108,0.29527095,MLP-Torch,TARGET_TREND_ANG_15_5
2022-04-14,NVDA,2022,0.05838,0.28562677,MLP-Torch,TARGET_TREND_ANG_15_5
2022-04-18,NVDA,2022,0.0722,0.3020453,MLP-Torch,TARGET_TREND_ANG_15_5
2022-04-19,NVDA,2022,0.09269,0.3426775,MLP-Torch,TARGET_TREND_ANG_15_5
2022-04-20,NVDA,2022,0.0993,0.32213098,MLP-Torch,TARGET_TREND_ANG_15_5
2022-04-21,NVDA,2022,0.11083,0.29258028,MLP-Torch,TARGET_TREND_ANG_15_5
2022-04-22,NVDA,2022,0.11918,0.26740384,MLP-Torch,TARGET_TREND_ANG_15_5
2022-04-25,NVDA,2022,0.14791,0.28162068,MLP-Torch,TARGET_TREND_ANG_15_5
2022-04-26,NVDA,2022,0.15175,0.2698992,MLP-Torch,TARGET_TREND_ANG_15_5
2022-04-27,NVDA,2022,0.17681,0.2675334,MLP-Torch,TARGET_TREND_ANG_15_5
2022-04-28,NVDA,2022,0.21121,0.32991958,MLP-Torch,TARGET_TREND_ANG_15_5
2022-04-29,NVDA,2022,0.2012,0.3182629,MLP-Torch,TARGET_TREND_ANG_15_5
2022-05-02,NVDA,2022,0.19455,0.3567142,MLP-Torch,TARGET_TREND_ANG_15_5
2022-05-03,NVDA,2022,0.22444,0.4025239,MLP-Torch,TARGET_TREND_ANG_15_5
2022-05-04,NVDA,2022,0.23183,0.47947773,MLP-Torch,TARGET_TREND_ANG_15_5
2022-05-05,NVDA,2022,0.18606,0.36892968,MLP-Torch,TARGET_TREND_ANG_15_5
2022-05-06,NVDA,2022,0.18696,0.33997604,MLP-Torch,TARGET_TREND_ANG_15_5
2022-05-09,NVDA,2022,0.17752,0.27617988,MLP-Torch,TARGET_TREND_ANG_15_5
2022-05-10,NVDA,2022,0.19452,0.30876863,MLP-Torch,TARGET_TREND_ANG_15_5
2022-05-11,NVDA,2022,0.15508,0.28750184,MLP-Torch,TARGET_TREND_ANG_15_5
2022-05-12,NVDA,2022,0.16773,0.27536586,MLP-Torch,TARGET_TREND_ANG_15_5
2022-05-13,NVDA,2022,0.16844,0.35170427,MLP-Torch,TARGET_TREND_ANG_15_5
2022-05-16,NVDA,2022,0.18526,0.3717214,MLP-Torch,TARGET_TREND_ANG_15_5
2022-05-17,NVDA,2022,0.21145,0.45782918,MLP-Torch,TARGET_TREND_ANG_15_5
2022-05-18,NVDA,2022,0.29276,0.36323443,MLP-Torch,TARGET_TREND_ANG_15_5
2022-05-19,NVDA,2022,0.4087,0.37592706,MLP-Torch,TARGET_TREND_ANG_15_5
2022-05-20,NVDA,2022,0.59281,0.3307021,MLP-Torch,TARGET_TREND_ANG_15_5
2022-05-23,NVDA,2022,0.65241,0.39833233,MLP-Torch,TARGET_TREND_ANG_15_5
2022-05-24,NVDA,2022,0.71947,0.32237175,MLP-Torch,TARGET_TREND_ANG_15_5
2022-05-25,NVDA,2022,0.76285,0.447584,MLP-Torch,TARGET_TREND_ANG_15_5
2022-05-26,NVDA,2022,0.73927,0.5406747,MLP-Torch,TARGET_TREND_ANG_15_5
2022-05-27,NVDA,2022,0.76335,0.6950468,MLP-Torch,TARGET_TREND_ANG_15_5
2022-05-31,NVDA,2022,0.77986,0.6995459,MLP-Torch,TARGET_TREND_ANG_15_5
2022-06-01,NVDA,2022,0.81115,0.63579464,MLP-Torch,TARGET_TREND_ANG_15_5
2022-06-02,NVDA,2022,0.77114,0.6974708,MLP-Torch,TARGET_TREND_ANG_15_5
2022-06-03,NVDA,2022,0.71329,0.63030195,MLP-Torch,TARGET_TREND_ANG_15_5
2022-06-06,NVDA,2022,0.54172,0.63498145,MLP-Torch,TARGET_TREND_ANG_15_5
2022-06-07,NVDA,2022,0.38006,0.6275552,MLP-Torch,TARGET_TREND_ANG_15_5
2022-06-08,NVDA,2022,0.24923,0.59561914,MLP-Torch,TARGET_TREND_ANG_15_5
2022-06-09,NVDA,2022,0.1566,0.4528191,MLP-Torch,TARGET_TREND_ANG_15_5
2022-06-10,NVDA,2022,0.11225,0.34135783,MLP-Torch,TARGET_TREND_ANG_15_5
2022-06-13,NVDA,2022,0.10176,0.27490687,MLP-Torch,TARGET_TREND_ANG_15_5
2022-06-14,NVDA,2022,0.10634,0.2906635,MLP-Torch,TARGET_TREND_ANG_15_5
2022-06-15,NVDA,2022,0.1129,0.36231995,MLP-Torch,TARGET_TREND_ANG_15_5
2022-06-16,NVDA,2022,0.1531,0.292151,MLP-Torch,TARGET_TREND_ANG_15_5
2022-06-17,NVDA,2022,0.20189,0.33555752,MLP-Torch,TARGET_TREND_ANG_15_5
2022-06-21,NVDA,2022,0.24837,0.40336445,MLP-Torch,TARGET_TREND_ANG_15_5
2022-06-22,NVDA,2022,0.29688,0.39859292,MLP-Torch,TARGET_TREND_ANG_15_5
2022-06-23,NVDA,2022,0.34525,0.3906399,MLP-Torch,TARGET_TREND_ANG_15_5
2022-06-24,NVDA,2022,0.36437,0.53591675,MLP-Torch,TARGET_TREND_ANG_15_5
2022-06-27,NVDA,2022,0.36052,0.53532314,MLP-Torch,TARGET_TREND_ANG_15_5
2022-06-28,NVDA,2022,0.30037,0.3922067,MLP-Torch,TARGET_TREND_ANG_15_5
2022-06-29,NVDA,2022,0.29188,0.3257912,MLP-Torch,TARGET_TREND_ANG_15_5
2022-06-30,NVDA,2022,0.32016,0.30830446,MLP-Torch,TARGET_TREND_ANG_15_5
2022-07-01,NVDA,2022,0.26742,0.28578234,MLP-Torch,TARGET_TREND_ANG_15_5
2022-07-05,NVDA,2022,0.24565,0.31421876,MLP-Torch,TARGET_TREND_ANG_15_5
2022-07-06,NVDA,2022,0.26097,0.38277724,MLP-Torch,TARGET_TREND_ANG_15_5
2022-07-07,NVDA,2022,0.29066,0.48636198,MLP-Torch,TARGET_TREND_ANG_15_5
2022-07-08,NVDA,2022,0.33137,0.4998791,MLP-Torch,TARGET_TREND_ANG_15_5
2022-07-11,NVDA,2022,0.45728,0.41686592,MLP-Torch,TARGET_TREND_ANG_15_5
2022-07-12,NVDA,2022,0.64332,0.40020594,MLP-Torch,TARGET_TREND_ANG_15_5
2022-07-13,NVDA,2022,0.77131,0.40755612,MLP-Torch,TARGET_TREND_ANG_15_5
2022-07-14,NVDA,2022,0.83861,0.4711951,MLP-Torch,TARGET_TREND_ANG_15_5
2022-07-15,NVDA,2022,0.85252,0.55424845,MLP-Torch,TARGET_TREND_ANG_15_5
2022-07-18,NVDA,2022,0.83617,0.6550898,MLP-Torch,TARGET_TREND_ANG_15_5
2022-07-19,NVDA,2022,0.80317,0.7054419,MLP-Torch,TARGET_TREND_ANG_15_5
2022-07-20,NVDA,2022,0.80342,0.73796266,MLP-Torch,TARGET_TREND_ANG_15_5
2022-07-21,NVDA,2022,0.82513,0.7499402,MLP-Torch,TARGET_TREND_ANG_15_5
2022-07-22,NVDA,2022,0.851,0.6745681,MLP-Torch,TARGET_TREND_ANG_15_5
2022-07-25,NVDA,2022,0.85419,0.60078883,MLP-Torch,TARGET_TREND_ANG_15_5
2022-07-26,NVDA,2022,0.84993,0.55182505,MLP-Torch,TARGET_TREND_ANG_15_5
2022-07-27,NVDA,2022,0.82513,0.67732775,MLP-Torch,TARGET_TREND_ANG_15_5
2022-07-28,NVDA,2022,0.81179,0.6972642,MLP-Torch,TARGET_TREND_ANG_15_5
2022-07-29,NVDA,2022,0.7889,0.6936177,MLP-Torch,TARGET_TREND_ANG_15_5
2022-08-01,NVDA,2022,0.71991,0.7009863,MLP-Torch,TARGET_TREND_ANG_15_5
2022-08-02,NVDA,2022,0.63757,0.69659597,MLP-Torch,TARGET_TREND_ANG_15_5
2022-08-03,NVDA,2022,0.63207,0.70689327,MLP-Torch,TARGET_TREND_ANG_15_5
2022-08-04,NVDA,2022,0.6306,0.72595227,MLP-Torch,TARGET_TREND_ANG_15_5
2022-08-05,NVDA,2022,0.63025,0.6867479,MLP-Torch,TARGET_TREND_ANG_15_5
2022-08-08,NVDA,2022,0.62628,0.45016485,MLP-Torch,TARGET_TREND_ANG_15_5
2022-08-09,NVDA,2022,0.56579,0.37843192,MLP-Torch,TARGET_TREND_ANG_15_5
2022-08-10,NVDA,2022,0.52595,0.5410721,MLP-Torch,TARGET_TREND_ANG_15_5
2022-08-11,NVDA,2022,0.52011,0.5302417,MLP-Torch,TARGET_TREND_ANG_15_5
2022-08-12,NVDA,2022,0.47104,0.6184078,MLP-Torch,TARGET_TREND_ANG_15_5
2022-08-15,NVDA,2022,0.4034,0.65079755,MLP-Torch,TARGET_TREND_ANG_15_5
2022-08-16,NVDA,2022,0.35901,0.6245585,MLP-Torch,TARGET_TREND_ANG_15_5
2022-08-17,NVDA,2022,0.34186,0.5315149,MLP-Torch,TARGET_TREND_ANG_15_5
2022-08-18,NVDA,2022,0.38992,0.6110416,MLP-Torch,TARGET_TREND_ANG_15_5
2022-08-19,NVDA,2022,0.35011,0.4496237,MLP-Torch,TARGET_TREND_ANG_15_5
2022-08-22,NVDA,2022,0.25385,0.3281586,MLP-Torch,TARGET_TREND_ANG_15_5
2022-08-23,NVDA,2022,0.1678,0.3324036,MLP-Torch,TARGET_TREND_ANG_15_5
2022-08-24,NVDA,2022,0.12777,0.38073742,MLP-Torch,TARGET_TREND_ANG_15_5
2022-08-25,NVDA,2022,0.09163,0.47398055,MLP-Torch,TARGET_TREND_ANG_15_5
2022-08-26,NVDA,2022,0.05798,0.33605102,MLP-Torch,TARGET_TREND_ANG_15_5
2022-08-29,NVDA,2022,0.0465,0.29111448,MLP-Torch,TARGET_TREND_ANG_15_5
2022-08-30,NVDA,2022,0.04393,0.2833529,MLP-Torch,TARGET_TREND_ANG_15_5
2022-08-31,NVDA,2022,0.0443,0.28150162,MLP-Torch,TARGET_TREND_ANG_15_5
2022-09-01,NVDA,2022,0.05185,0.25575924,MLP-Torch,TARGET_TREND_ANG_15_5
2022-09-02,NVDA,2022,0.06737,0.2597576,MLP-Torch,TARGET_TREND_ANG_15_5
2022-09-06,NVDA,2022,0.06291,0.26246175,MLP-Torch,TARGET_TREND_ANG_15_5
2022-09-07,NVDA,2022,0.07222,0.27799705,MLP-Torch,TARGET_TREND_ANG_15_5
2022-09-08,NVDA,2022,0.08879,0.32749674,MLP-Torch,TARGET_TREND_ANG_15_5
2022-09-09,NVDA,2022,0.14353,0.3960989,MLP-Torch,TARGET_TREND_ANG_15_5
2022-09-12,NVDA,2022,0.18782,0.4201182,MLP-Torch,TARGET_TREND_ANG_15_5
2022-09-13,NVDA,2022,0.21249,0.29093057,MLP-Torch,TARGET_TREND_ANG_15_5
2022-09-14,NVDA,2022,0.27163,0.29375717,MLP-Torch,TARGET_TREND_ANG_15_5
2022-09-15,NVDA,2022,0.29673,0.29388386,MLP-Torch,TARGET_TREND_ANG_15_5
2022-09-16,NVDA,2022,0.27537,0.3416155,MLP-Torch,TARGET_TREND_ANG_15_5
2022-09-19,NVDA,2022,0.23669,0.39279646,MLP-Torch,TARGET_TREND_ANG_15_5
2022-09-20,NVDA,2022,0.20536,0.3828546,MLP-Torch,TARGET_TREND_ANG_15_5
2022-09-21,NVDA,2022,0.20844,0.3985203,MLP-Torch,TARGET_TREND_ANG_15_5
2022-09-22,NVDA,2022,0.19765,0.3034768,MLP-Torch,TARGET_TREND_ANG_15_5
2022-09-23,NVDA,2022,0.22148,0.30123436,MLP-Torch,TARGET_TREND_ANG_15_5
2022-09-26,NVDA,2022,0.28817,0.29404548,MLP-Torch,TARGET_TREND_ANG_15_5
2022-09-27,NVDA,2022,0.33957,0.31998405,MLP-Torch,TARGET_TREND_ANG_15_5
2022-09-28,NVDA,2022,0.39955,0.38102484,MLP-Torch,TARGET_TREND_ANG_15_5
2022-09-29,NVDA,2022,0.43472,0.31275347,MLP-Torch,TARGET_TREND_ANG_15_5
2022-09-30,NVDA,2022,0.41558,0.33738878,MLP-Torch,TARGET_TREND_ANG_15_5
2022-10-03,NVDA,2022,0.39767,0.39398944,MLP-Torch,TARGET_TREND_ANG_15_5
2022-10-04,NVDA,2022,0.37867,0.5593349,MLP-Torch,TARGET_TREND_ANG_15_5
2022-10-05,NVDA,2022,0.37129,0.55148727,MLP-Torch,TARGET_TREND_ANG_15_5
2022-10-06,NVDA,2022,0.35729,0.5553845,MLP-Torch,TARGET_TREND_ANG_15_5
2022-10-07,NVDA,2022,0.2897,0.3356439,MLP-Torch,TARGET_TREND_ANG_15_5
2022-10-10,NVDA,2022,0.26192,0.29153824,MLP-Torch,TARGET_TREND_ANG_15_5
2022-10-11,NVDA,2022,0.25785,0.29634804,MLP-Torch,TARGET_TREND_ANG_15_5
2022-10-12,NVDA,2022,0.28267,0.29341736,MLP-Torch,TARGET_TREND_ANG_15_5
2022-10-13,NVDA,2022,0.29624,0.34672722,MLP-Torch,TARGET_TREND_ANG_15_5
2022-10-14,NVDA,2022,0.30432,0.3169035,MLP-Torch,TARGET_TREND_ANG_15_5
2022-10-17,NVDA,2022,0.36792,0.38261712,MLP-Torch,TARGET_TREND_ANG_15_5
2022-10-18,NVDA,2022,0.53954,0.4404758,MLP-Torch,TARGET_TREND_ANG_15_5
2022-10-19,NVDA,2022,0.67501,0.46401244,MLP-Torch,TARGET_TREND_ANG_15_5
2022-10-20,NVDA,2022,0.78428,0.4894468,MLP-Torch,TARGET_TREND_ANG_15_5
2022-10-21,NVDA,2022,0.83679,0.5277454,MLP-Torch,TARGET_TREND_ANG_15_5
2022-10-24,NVDA,2022,0.84984,0.572207,MLP-Torch,TARGET_TREND_ANG_15_5
2022-10-25,NVDA,2022,0.84587,0.69526803,MLP-Torch,TARGET_TREND_ANG_15_5
2022-10-26,NVDA,2022,0.83663,0.66704845,MLP-Torch,TARGET_TREND_ANG_15_5
2022-10-27,NVDA,2022,0.83195,0.6698025,MLP-Torch,TARGET_TREND_ANG_15_5
2022-10-28,NVDA,2022,0.8123,0.7118293,MLP-Torch,TARGET_TREND_ANG_15_5
2022-10-31,NVDA,2022,0.82173,0.6760204,MLP-Torch,TARGET_TREND_ANG_15_5
2022-11-01,NVDA,2022,0.82712,0.6447254,MLP-Torch,TARGET_TREND_ANG_15_5
2022-11-02,NVDA,2022,0.80173,0.5758948,MLP-Torch,TARGET_TREND_ANG_15_5
2022-11-03,NVDA,2022,0.83091,0.52316487,MLP-Torch,TARGET_TREND_ANG_15_5
2022-11-04,NVDA,2022,0.85723,0.6781508,MLP-Torch,TARGET_TREND_ANG_15_5
2022-11-07,NVDA,2022,0.87589,0.71446455,MLP-Torch,TARGET_TREND_ANG_15_5
2022-11-08,NVDA,2022,0.90026,0.71756625,MLP-Torch,TARGET_TREND_ANG_15_5
2022-11-09,NVDA,2022,0.90763,0.5308227,MLP-Torch,TARGET_TREND_ANG_15_5
2022-11-10,NVDA,2022,0.8768,0.7445225,MLP-Torch,TARGET_TREND_ANG_15_5
2022-11-11,NVDA,2022,0.86375,0.75840586,MLP-Torch,TARGET_TREND_ANG_15_5
2022-11-14,NVDA,2022,0.84179,0.76078427,MLP-Torch,TARGET_TREND_ANG_15_5
2022-11-15,NVDA,2022,0.8247,0.7526993,MLP-Torch,TARGET_TREND_ANG_15_5
2022-11-16,NVDA,2022,0.81284,0.6569056,MLP-Torch,TARGET_TREND_ANG_15_5
2022-11-17,NVDA,2022,0.77621,0.5768925,MLP-Torch,TARGET_TREND_ANG_15_5
2022-11-18,NVDA,2022,0.73068,0.5296963,MLP-Torch,TARGET_TREND_ANG_15_5
2022-11-21,NVDA,2022,0.65902,0.47929454,MLP-Torch,TARGET_TREND_ANG_15_5
2022-11-22,NVDA,2022,0.64743,0.5611178,MLP-Torch,TARGET_TREND_ANG_15_5
2022-11-23,NVDA,2022,0.582,0.67548615,MLP-Torch,TARGET_TREND_ANG_15_5
2022-11-25,NVDA,2022,0.60257,0.6074734,MLP-Torch,TARGET_TREND_ANG_15_5
2022-11-28,NVDA,2022,0.63698,0.5408,MLP-Torch,TARGET_TREND_ANG_15_5
2022-11-29,NVDA,2022,0.63212,0.4836656,MLP-Torch,TARGET_TREND_ANG_15_5
2022-11-30,NVDA,2022,0.64669,0.66148674,MLP-Torch,TARGET_TREND_ANG_15_5
2022-12-01,NVDA,2022,0.67944,0.70337653,MLP-Torch,TARGET_TREND_ANG_15_5
2022-12-02,NVDA,2022,0.68755,0.6336156,MLP-Torch,TARGET_TREND_ANG_15_5
2022-12-05,NVDA,2022,0.69745,0.5691502,MLP-Torch,TARGET_TREND_ANG_15_5
2022-12-06,NVDA,2022,0.7166,0.48327878,MLP-Torch,TARGET_TREND_ANG_15_5
2022-12-07,NVDA,2022,0.7287,0.4830922,MLP-Torch,TARGET_TREND_ANG_15_5
2022-12-08,NVDA,2022,0.71446,0.63944966,MLP-Torch,TARGET_TREND_ANG_15_5
2022-12-09,NVDA,2022,0.68208,0.63990825,MLP-Torch,TARGET_TREND_ANG_15_5
2022-12-12,NVDA,2022,0.59786,0.6668788,MLP-Torch,TARGET_TREND_ANG_15_5
2022-12-13,NVDA,2022,0.48508,0.71573824,MLP-Torch,TARGET_TREND_ANG_15_5
2022-12-14,NVDA,2022,0.4688,0.6631679,MLP-Torch,TARGET_TREND_ANG_15_5
2022-12-15,NVDA,2022,0.40435,0.4897326,MLP-Torch,TARGET_TREND_ANG_15_5
2022-12-16,NVDA,2022,0.33469,0.43146756,MLP-Torch,TARGET_TREND_ANG_15_5
2022-12-19,NVDA,2022,0.23041,0.38738957,MLP-Torch,TARGET_TREND_ANG_15_5
2022-12-20,NVDA,2022,0.14835,0.34134063,MLP-Torch,TARGET_TREND_ANG_15_5
2022-12-21,NVDA,2022,0.1163,0.41871205,MLP-Torch,TARGET_TREND_ANG_15_5
2022-12-22,NVDA,2022,0.09616,0.29713136,MLP-Torch,TARGET_TREND_ANG_15_5
2022-12-23,NVDA,2022,0.08583,0.2947074,MLP-Torch,TARGET_TREND_ANG_15_5
2022-12-27,NVDA,2022,0.08562,0.26803583,MLP-Torch,TARGET_TREND_ANG_15_5
2022-12-28,NVDA,2022,0.10639,0.27246472,MLP-Torch,TARGET_TREND_ANG_15_5
2022-12-29,NVDA,2022,0.1567,0.32228136,MLP-Torch,TARGET_TREND_ANG_15_5
2022-12-30,NVDA,2022,0.23052,0.33920816,MLP-Torch,TARGET_TREND_ANG_15_5
2023-01-03,NVDA,2023,0.33824,0.34064075,MLP-Torch,TARGET_TREND_ANG_15_5
2023-01-04,NVDA,2023,0.47679,0.39776683,MLP-Torch,TARGET_TREND_ANG_15_5
2023-01-05,NVDA,2023,0.6415,0.39501402,MLP-Torch,TARGET_TREND_ANG_15_5
2023-01-06,NVDA,2023,0.78842,0.46983296,MLP-Torch,TARGET_TREND_ANG_15_5
2023-01-09,NVDA,2023,0.8554,0.61833864,MLP-Torch,TARGET_TREND_ANG_15_5
2023-01-10,NVDA,2023,0.88978,0.63424855,MLP-Torch,TARGET_TREND_ANG_15_5
2023-01-11,NVDA,2023,0.88578,0.64882404,MLP-Torch,TARGET_TREND_ANG_15_5
2023-01-12,NVDA,2023,0.8873,0.6863649,MLP-Torch,TARGET_TREND_ANG_15_5
2023-01-13,NVDA,2023,0.91046,0.711477,MLP-Torch,TARGET_TREND_ANG_15_5
2023-01-17,NVDA,2023,0.91882,0.7352838,MLP-Torch,TARGET_TREND_ANG_15_5
2023-01-18,NVDA,2023,0.92558,0.72193974,MLP-Torch,TARGET_TREND_ANG_15_5
2023-01-19,NVDA,2023,0.93717,0.6402394,MLP-Torch,TARGET_TREND_ANG_15_5
2023-01-20,NVDA,2023,0.92709,0.67914146,MLP-Torch,TARGET_TREND_ANG_15_5
2023-01-23,NVDA,2023,0.89855,0.7333535,MLP-Torch,TARGET_TREND_ANG_15_5
2023-01-24,NVDA,2023,0.88664,0.7260972,MLP-Torch,TARGET_TREND_ANG_15_5
2023-01-25,NVDA,2023,0.89047,0.71600264,MLP-Torch,TARGET_TREND_ANG_15_5
2023-01-26,NVDA,2023,0.8925,0.7284272,MLP-Torch,TARGET_TREND_ANG_15_5
2023-01-27,NVDA,2023,0.88277,0.7254852,MLP-Torch,TARGET_TREND_ANG_15_5
2023-01-30,NVDA,2023,0.88503,0.6466085,MLP-Torch,TARGET_TREND_ANG_15_5
2023-01-31,NVDA,2023,0.89271,0.61943436,MLP-Torch,TARGET_TREND_ANG_15_5
2023-02-01,NVDA,2023,0.87848,0.68175054,MLP-Torch,TARGET_TREND_ANG_15_5
2023-02-02,NVDA,2023,0.85072,0.7064035,MLP-Torch,TARGET_TREND_ANG_15_5
2023-02-03,NVDA,2023,0.81836,0.664328,MLP-Torch,TARGET_TREND_ANG_15_5
2023-02-06,NVDA,2023,0.8082,0.6514902,MLP-Torch,TARGET_TREND_ANG_15_5
2023-02-07,NVDA,2023,0.80728,0.6866582,MLP-Torch,TARGET_TREND_ANG_15_5
2023-02-08,NVDA,2023,0.80148,0.69390273,MLP-Torch,TARGET_TREND_ANG_15_5
2023-02-09,NVDA,2023,0.77853,0.68094885,MLP-Torch,TARGET_TREND_ANG_15_5
2023-02-10,NVDA,2023,0.75566,0.5483345,MLP-Torch,TARGET_TREND_ANG_15_5
2023-02-13,NVDA,2023,0.63526,0.5488737,MLP-Torch,TARGET_TREND_ANG_15_5
2023-02-14,NVDA,2023,0.50119,0.63182825,MLP-Torch,TARGET_TREND_ANG_15_5
2023-02-15,NVDA,2023,0.54917,0.6261659,MLP-Torch,TARGET_TREND_ANG_15_5
2023-02-16,NVDA,2023,0.60319,0.5209447,MLP-Torch,TARGET_TREND_ANG_15_5
2023-02-17,NVDA,2023,0.62841,0.4543479,MLP-Torch,TARGET_TREND_ANG_15_5
2023-02-21,NVDA,2023,0.62899,0.37768632,MLP-Torch,TARGET_TREND_ANG_15_5
2023-02-22,NVDA,2023,0.64173,0.3679323,MLP-Torch,TARGET_TREND_ANG_15_5
2023-02-23,NVDA,2023,0.65736,0.64154345,MLP-Torch,TARGET_TREND_ANG_15_5
2023-02-24,NVDA,2023,0.70709,0.60088384,MLP-Torch,TARGET_TREND_ANG_15_5
2023-02-27,NVDA,2023,0.69618,0.6249535,MLP-Torch,TARGET_TREND_ANG_15_5
2023-02-28,NVDA,2023,0.68875,0.6153536,MLP-Torch,TARGET_TREND_ANG_15_5
2023-03-01,NVDA,2023,0.74375,0.5590968,MLP-Torch,TARGET_TREND_ANG_15_5
2023-03-02,NVDA,2023,0.75392,0.5551686,MLP-Torch,TARGET_TREND_ANG_15_5
2023-03-03,NVDA,2023,0.72668,0.6190229,MLP-Torch,TARGET_TREND_ANG_15_5
2023-03-06,NVDA,2023,0.67819,0.5527676,MLP-Torch,TARGET_TREND_ANG_15_5
2023-03-07,NVDA,2023,0.62181,0.569606,MLP-Torch,TARGET_TREND_ANG_15_5
2023-03-08,NVDA,2023,0.54708,0.6089882,MLP-Torch,TARGET_TREND_ANG_15_5
2023-03-09,NVDA,2023,0.63514,0.55084383,MLP-Torch,TARGET_TREND_ANG_15_5
2023-03-10,NVDA,2023,0.69706,0.4827251,MLP-Torch,TARGET_TREND_ANG_15_5
2023-03-13,NVDA,2023,0.74948,0.43690184,MLP-Torch,TARGET_TREND_ANG_15_5
2023-03-14,NVDA,2023,0.77583,0.5673454,MLP-Torch,TARGET_TREND_ANG_15_5
2023-03-15,NVDA,2023,0.78961,0.56420404,MLP-Torch,TARGET_TREND_ANG_15_5
2023-03-16,NVDA,2023,0.80999,0.65651745,MLP-Torch,TARGET_TREND_ANG_15_5
2023-03-17,NVDA,2023,0.82994,0.6854624,MLP-Torch,TARGET_TREND_ANG_15_5
2023-03-20,NVDA,2023,0.83229,0.68092203,MLP-Torch,TARGET_TREND_ANG_15_5
2023-03-21,NVDA,2023,0.82044,0.689454,MLP-Torch,TARGET_TREND_ANG_15_5
2023-03-22,NVDA,2023,0.82702,0.7008228,MLP-Torch,TARGET_TREND_ANG_15_5
2023-03-23,NVDA,2023,0.81691,0.7048998,MLP-Torch,TARGET_TREND_ANG_15_5
2023-03-24,NVDA,2023,0.80263,0.664223,MLP-Torch,TARGET_TREND_ANG_15_5
2023-03-27,NVDA,2023,0.77561,0.62467176,MLP-Torch,TARGET_TREND_ANG_15_5
2023-03-28,NVDA,2023,0.7439,0.5840594,MLP-Torch,TARGET_TREND_ANG_15_5
2023-03-29,NVDA,2023,0.6794,0.6182943,MLP-Torch,TARGET_TREND_ANG_15_5
2023-03-30,NVDA,2023,0.64568,0.62026477,MLP-Torch,TARGET_TREND_ANG_15_5
2023-03-31,NVDA,2023,0.62727,0.6325267,MLP-Torch,TARGET_TREND_ANG_15_5
2023-04-03,NVDA,2023,0.59444,0.63100183,MLP-Torch,TARGET_TREND_ANG_15_5
2023-04-04,NVDA,2023,0.54459,0.5887757,MLP-Torch,TARGET_TREND_ANG_15_5
2023-04-05,NVDA,2023,0.49948,0.49116465,MLP-Torch,TARGET_TREND_ANG_15_5
2023-04-06,NVDA,2023,0.49311,0.4918636,MLP-Torch,TARGET_TREND_ANG_15_5
2023-04-10,NVDA,2023,0.4813,0.52906,MLP-Torch,TARGET_TREND_ANG_15_5
2023-04-11,NVDA,2023,0.48117,0.4959251,MLP-Torch,TARGET_TREND_ANG_15_5
2023-04-12,NVDA,2023,0.47953,0.42595696,MLP-Torch,TARGET_TREND_ANG_15_5
2023-04-13,NVDA,2023,0.46441,0.40059307,MLP-Torch,TARGET_TREND_ANG_15_5
2023-04-14,NVDA,2023,0.46598,0.42524555,MLP-Torch,TARGET_TREND_ANG_15_5
2023-04-17,NVDA,2023,0.48192,0.46541974,MLP-Torch,TARGET_TREND_ANG_15_5
2023-04-18,NVDA,2023,0.48109,0.54993343,MLP-Torch,TARGET_TREND_ANG_15_5
2023-04-19,NVDA,2023,0.49285,0.56317854,MLP-Torch,TARGET_TREND_ANG_15_5
2023-04-20,NVDA,2023,0.49357,0.5086865,MLP-Torch,TARGET_TREND_ANG_15_5
2023-04-21,NVDA,2023,0.51745,0.50288236,MLP-Torch,TARGET_TREND_ANG_15_5
2023-04-24,NVDA,2023,0.59851,0.51733536,MLP-Torch,TARGET_TREND_ANG_15_5
2023-04-25,NVDA,2023,0.63434,0.39648855,MLP-Torch,TARGET_TREND_ANG_15_5
2023-04-26,NVDA,2023,0.62064,0.46441996,MLP-Torch,TARGET_TREND_ANG_15_5
2023-04-27,NVDA,2023,0.59388,0.49450973,MLP-Torch,TARGET_TREND_ANG_15_5
2023-04-28,NVDA,2023,0.60843,0.5398601,MLP-Torch,TARGET_TREND_ANG_15_5
2023-05-01,NVDA,2023,0.63365,0.66110533,MLP-Torch,TARGET_TREND_ANG_15_5
2023-05-02,NVDA,2023,0.66143,0.6272936,MLP-Torch,TARGET_TREND_ANG_15_5
2023-05-03,NVDA,2023,0.69988,0.55247015,MLP-Torch,TARGET_TREND_ANG_15_5
2023-05-04,NVDA,2023,0.70009,0.51830614,MLP-Torch,TARGET_TREND_ANG_15_5
2023-05-05,NVDA,2023,0.68118,0.60947555,MLP-Torch,TARGET_TREND_ANG_15_5
2023-05-08,NVDA,2023,0.67531,0.6291153,MLP-Torch,TARGET_TREND_ANG_15_5
2023-05-09,NVDA,2023,0.6492,0.5937037,MLP-Torch,TARGET_TREND_ANG_15_5
2023-05-10,NVDA,2023,0.65619,0.6019103,MLP-Torch,TARGET_TREND_ANG_15_5
2023-05-11,NVDA,2023,0.70141,0.56609035,MLP-Torch,TARGET_TREND_ANG_15_5
2023-05-12,NVDA,2023,0.73142,0.5276135,MLP-Torch,TARGET_TREND_ANG_15_5
2023-05-15,NVDA,2023,0.76801,0.5550246,MLP-Torch,TARGET_TREND_ANG_15_5
2023-05-16,NVDA,2023,0.77243,0.5921866,MLP-Torch,TARGET_TREND_ANG_15_5
2023-05-17,NVDA,2023,0.75393,0.63651085,MLP-Torch,TARGET_TREND_ANG_15_5
2023-05-18,NVDA,2023,0.83931,0.70418644,MLP-Torch,TARGET_TREND_ANG_15_5
2023-05-19,NVDA,2023,0.90604,0.69778466,MLP-Torch,TARGET_TREND_ANG_15_5
2023-05-22,NVDA,2023,0.94767,0.66833967,MLP-Torch,TARGET_TREND_ANG_15_5
2023-05-23,NVDA,2023,0.96092,0.6000422,MLP-Torch,TARGET_TREND_ANG_15_5
2023-05-24,NVDA,2023,0.97439,0.5583064,MLP-Torch,TARGET_TREND_ANG_15_5
2023-05-25,NVDA,2023,0.95131,0.77094424,MLP-Torch,TARGET_TREND_ANG_15_5
2023-05-26,NVDA,2023,0.94519,0.76821005,MLP-Torch,TARGET_TREND_ANG_15_5
2023-05-30,NVDA,2023,0.93253,0.77242243,MLP-Torch,TARGET_TREND_ANG_15_5
2023-05-31,NVDA,2023,0.92086,0.7290361,MLP-Torch,TARGET_TREND_ANG_15_5
2023-06-01,NVDA,2023,0.89331,0.74084586,MLP-Torch,TARGET_TREND_ANG_15_5
2023-06-02,NVDA,2023,0.87735,0.7069183,MLP-Torch,TARGET_TREND_ANG_15_5
2023-06-05,NVDA,2023,0.85047,0.698055,MLP-Torch,TARGET_TREND_ANG_15_5
2023-06-06,NVDA,2023,0.82195,0.5868811,MLP-Torch,TARGET_TREND_ANG_15_5
2023-06-07,NVDA,2023,0.79014,0.537205,MLP-Torch,TARGET_TREND_ANG_15_5
2023-06-08,NVDA,2023,0.69918,0.5076341,MLP-Torch,TARGET_TREND_ANG_15_5
2023-06-09,NVDA,2023,0.72352,0.5161605,MLP-Torch,TARGET_TREND_ANG_15_5
2023-06-12,NVDA,2023,0.76661,0.54536605,MLP-Torch,TARGET_TREND_ANG_15_5
2023-06-13,NVDA,2023,0.79629,0.6149707,MLP-Torch,TARGET_TREND_ANG_15_5
2023-06-14,NVDA,2023,0.78498,0.6807552,MLP-Torch,TARGET_TREND_ANG_15_5
2023-06-15,NVDA,2023,0.79193,0.6805686,MLP-Torch,TARGET_TREND_ANG_15_5
2023-06-16,NVDA,2023,0.76734,0.67992735,MLP-Torch,TARGET_TREND_ANG_15_5
2023-06-20,NVDA,2023,0.74778,0.69042826,MLP-Torch,TARGET_TREND_ANG_15_5
2023-06-21,NVDA,2023,0.70841,0.65214497,MLP-Torch,TARGET_TREND_ANG_15_5
2023-06-22,NVDA,2023,0.62076,0.62982434,MLP-Torch,TARGET_TREND_ANG_15_5
2023-06-23,NVDA,2023,0.56699,0.53197,MLP-Torch,TARGET_TREND_ANG_15_5
2023-06-26,NVDA,2023,0.50518,0.4373701,MLP-Torch,TARGET_TREND_ANG_15_5
2023-06-27,NVDA,2023,0.44667,0.42485422,MLP-Torch,TARGET_TREND_ANG_15_5
2023-06-28,NVDA,2023,0.41355,0.4217128,MLP-Torch,TARGET_TREND_ANG_15_5
2023-06-29,NVDA,2023,0.437,0.38634512,MLP-Torch,TARGET_TREND_ANG_15_5
2023-06-30,NVDA,2023,0.44853,0.4609868,MLP-Torch,TARGET_TREND_ANG_15_5
2023-07-03,NVDA,2023,0.46558,0.49306166,MLP-Torch,TARGET_TREND_ANG_15_5
2023-07-05,NVDA,2023,0.54585,0.4888677,MLP-Torch,TARGET_TREND_ANG_15_5
2023-07-06,NVDA,2023,0.64669,0.5003384,MLP-Torch,TARGET_TREND_ANG_15_5
2023-07-07,NVDA,2023,0.71327,0.5129125,MLP-Torch,TARGET_TREND_ANG_15_5
2023-07-10,NVDA,2023,0.76649,0.49550837,MLP-Torch,TARGET_TREND_ANG_15_5
2023-07-11,NVDA,2023,0.79231,0.51756674,MLP-Torch,TARGET_TREND_ANG_15_5
2023-07-12,NVDA,2023,0.80958,0.5967364,MLP-Torch,TARGET_TREND_ANG_15_5
2023-07-13,NVDA,2023,0.79019,0.71223503,MLP-Torch,TARGET_TREND_ANG_15_5
2023-07-14,NVDA,2023,0.75447,0.685123,MLP-Torch,TARGET_TREND_ANG_15_5
2023-07-17,NVDA,2023,0.72787,0.6822792,MLP-Torch,TARGET_TREND_ANG_15_5
2023-07-18,NVDA,2023,0.71243,0.694512,MLP-Torch,TARGET_TREND_ANG_15_5
2023-07-19,NVDA,2023,0.68952,0.6813288,MLP-Torch,TARGET_TREND_ANG_15_5
2023-07-20,NVDA,2023,0.66395,0.5704262,MLP-Torch,TARGET_TREND_ANG_15_5
2023-07-21,NVDA,2023,0.6481,0.48691145,MLP-Torch,TARGET_TREND_ANG_15_5
2023-07-24,NVDA,2023,0.60725,0.45793855,MLP-Torch,TARGET_TREND_ANG_15_5
2023-07-25,NVDA,2023,0.5507,0.48445222,MLP-Torch,TARGET_TREND_ANG_15_5
2023-07-26,NVDA,2023,0.47106,0.46828434,MLP-Torch,TARGET_TREND_ANG_15_5
2023-07-27,NVDA,2023,0.44555,0.5022613,MLP-Torch,TARGET_TREND_ANG_15_5
2023-07-28,NVDA,2023,0.41762,0.5367675,MLP-Torch,TARGET_TREND_ANG_15_5
2023-07-31,NVDA,2023,0.42782,0.56250435,MLP-Torch,TARGET_TREND_ANG_15_5
2023-08-01,NVDA,2023,0.44945,0.54637396,MLP-Torch,TARGET_TREND_ANG_15_5
2023-08-02,NVDA,2023,0.42422,0.3954694,MLP-Torch,TARGET_TREND_ANG_15_5
2023-08-03,NVDA,2023,0.37696,0.39111966,MLP-Torch,TARGET_TREND_ANG_15_5
2023-08-04,NVDA,2023,0.29244,0.42004544,MLP-Torch,TARGET_TREND_ANG_15_5
2023-08-07,NVDA,2023,0.27834,0.45232198,MLP-Torch,TARGET_TREND_ANG_15_5
2023-08-08,NVDA,2023,0.2816,0.4157914,MLP-Torch,TARGET_TREND_ANG_15_5
2023-08-09,NVDA,2023,0.27232,0.32036552,MLP-Torch,TARGET_TREND_ANG_15_5
2023-08-10,NVDA,2023,0.28102,0.32044312,MLP-Torch,TARGET_TREND_ANG_15_5
2023-08-11,NVDA,2023,0.30673,0.2905962,MLP-Torch,TARGET_TREND_ANG_15_5
2023-08-14,NVDA,2023,0.4346,0.3719514,MLP-Torch,TARGET_TREND_ANG_15_5
2023-08-15,NVDA,2023,0.5307,0.46389636,MLP-Torch,TARGET_TREND_ANG_15_5
2023-08-16,NVDA,2023,0.60423,0.45459682,MLP-Torch,TARGET_TREND_ANG_15_5
2023-08-17,NVDA,2023,0.6695,0.44681418,MLP-Torch,TARGET_TREND_ANG_15_5
2023-08-18,NVDA,2023,0.70461,0.48195732,MLP-Torch,TARGET_TREND_ANG_15_5
2023-08-21,NVDA,2023,0.74183,0.64499325,MLP-Torch,TARGET_TREND_ANG_15_5
2023-08-22,NVDA,2023,0.79909,0.6406895,MLP-Torch,TARGET_TREND_ANG_15_5
2023-08-23,NVDA,2023,0.81185,0.639228,MLP-Torch,TARGET_TREND_ANG_15_5
2023-08-24,NVDA,2023,0.81924,0.6603407,MLP-Torch,TARGET_TREND_ANG_15_5
2023-08-25,NVDA,2023,0.79669,0.61634636,MLP-Torch,TARGET_TREND_ANG_15_5
2023-08-28,NVDA,2023,0.78777,0.606656,MLP-Torch,TARGET_TREND_ANG_15_5
2023-08-29,NVDA,2023,0.75151,0.6601943,MLP-Torch,TARGET_TREND_ANG_15_5
2023-08-30,NVDA,2023,0.69205,0.67248315,MLP-Torch,TARGET_TREND_ANG_15_5
2023-08-31,NVDA,2023,0.6011,0.65421194,MLP-Torch,TARGET_TREND_ANG_15_5
2023-09-01,NVDA,2023,0.48232,0.6245547,MLP-Torch,TARGET_TREND_ANG_15_5
2023-09-05,NVDA,2023,0.43126,0.59483486,MLP-Torch,TARGET_TREND_ANG_15_5
2023-09-06,NVDA,2023,0.36871,0.5343662,MLP-Torch,TARGET_TREND_ANG_15_5
2023-09-07,NVDA,2023,0.34119,0.41279653,MLP-Torch,TARGET_TREND_ANG_15_5
2023-09-08,NVDA,2023,0.29256,0.37981716,MLP-Torch,TARGET_TREND_ANG_15_5
2023-09-11,NVDA,2023,0.24021,0.35118562,MLP-Torch,TARGET_TREND_ANG_15_5
2023-09-12,NVDA,2023,0.20536,0.33958814,MLP-Torch,TARGET_TREND_ANG_15_5
2023-09-13,NVDA,2023,0.19308,0.36080346,MLP-Torch,TARGET_TREND_ANG_15_5
2023-09-14,NVDA,2023,0.18217,0.40450186,MLP-Torch,TARGET_TREND_ANG_15_5
2023-09-15,NVDA,2023,0.182,0.3378612,MLP-Torch,TARGET_TREND_ANG_15_5
2023-09-18,NVDA,2023,0.19742,0.33893448,MLP-Torch,TARGET_TREND_ANG_15_5
2023-09-19,NVDA,2023,0.21942,0.33191437,MLP-Torch,TARGET_TREND_ANG_15_5
2023-09-20,NVDA,2023,0.23827,0.308319,MLP-Torch,TARGET_TREND_ANG_15_5
2023-09-21,NVDA,2023,0.2656,0.28151372,MLP-Torch,TARGET_TREND_ANG_15_5
2023-09-22,NVDA,2023,0.30699,0.31709227,MLP-Torch,TARGET_TREND_ANG_15_5
2023-09-25,NVDA,2023,0.37506,0.36561692,MLP-Torch,TARGET_TREND_ANG_15_5
2023-09-26,NVDA,2023,0.41458,0.38449052,MLP-Torch,TARGET_TREND_ANG_15_5
2023-09-27,NVDA,2023,0.48931,0.44348136,MLP-Torch,TARGET_TREND_ANG_15_5
2023-09-28,NVDA,2023,0.58341,0.48547724,MLP-Torch,TARGET_TREND_ANG_15_5
2023-09-29,NVDA,2023,0.6537,0.5482205,MLP-Torch,TARGET_TREND_ANG_15_5
2023-10-02,NVDA,2023,0.69943,0.625446,MLP-Torch,TARGET_TREND_ANG_15_5
2023-10-03,NVDA,2023,0.74554,0.59340745,MLP-Torch,TARGET_TREND_ANG_15_5
2023-10-04,NVDA,2023,0.76923,0.5968085,MLP-Torch,TARGET_TREND_ANG_15_5
2023-10-05,NVDA,2023,0.76696,0.6112637,MLP-Torch,TARGET_TREND_ANG_15_5
2023-10-06,NVDA,2023,0.74148,0.64404494,MLP-Torch,TARGET_TREND_ANG_15_5
2023-10-09,NVDA,2023,0.73186,0.6383553,MLP-Torch,TARGET_TREND_ANG_15_5
2023-10-10,NVDA,2023,0.669,0.6543096,MLP-Torch,TARGET_TREND_ANG_15_5
2023-10-11,NVDA,2023,0.56836,0.6593086,MLP-Torch,TARGET_TREND_ANG_15_5
2023-10-12,NVDA,2023,0.47457,0.6652446,MLP-Torch,TARGET_TREND_ANG_15_5
2023-10-13,NVDA,2023,0.37836,0.578321,MLP-Torch,TARGET_TREND_ANG_15_5
2023-10-16,NVDA,2023,0.35454,0.56674165,MLP-Torch,TARGET_TREND_ANG_15_5
2023-10-17,NVDA,2023,0.31463,0.40939298,MLP-Torch,TARGET_TREND_ANG_15_5
2023-10-18,NVDA,2023,0.25708,0.32619455,MLP-Torch,TARGET_TREND_ANG_15_5
2023-10-19,NVDA,2023,0.20925,0.33094627,MLP-Torch,TARGET_TREND_ANG_15_5
2023-10-20,NVDA,2023,0.18829,0.31893584,MLP-Torch,TARGET_TREND_ANG_15_5
2023-10-23,NVDA,2023,0.18798,0.3747392,MLP-Torch,TARGET_TREND_ANG_15_5
2023-10-24,NVDA,2023,0.19208,0.42756107,MLP-Torch,TARGET_TREND_ANG_15_5
2023-10-25,NVDA,2023,0.22456,0.38243628,MLP-Torch,TARGET_TREND_ANG_15_5
2023-10-26,NVDA,2023,0.30212,0.33242965,MLP-Torch,TARGET_TREND_ANG_15_5
2023-10-27,NVDA,2023,0.4209,0.3428242,MLP-Torch,TARGET_TREND_ANG_15_5
2023-10-30,NVDA,2023,0.58933,0.3888857,MLP-Torch,TARGET_TREND_ANG_15_5
2023-10-31,NVDA,2023,0.69322,0.35178715,MLP-Torch,TARGET_TREND_ANG_15_5
2023-11-01,NVDA,2023,0.74278,0.47085217,MLP-Torch,TARGET_TREND_ANG_15_5
2023-11-02,NVDA,2023,0.77898,0.5719143,MLP-Torch,TARGET_TREND_ANG_15_5
2023-11-03,NVDA,2023,0.8058,0.65713394,MLP-Torch,TARGET_TREND_ANG_15_5
2023-11-06,NVDA,2023,0.84031,0.680046,MLP-Torch,TARGET_TREND_ANG_15_5
2023-11-07,NVDA,2023,0.87641,0.69824076,MLP-Torch,TARGET_TREND_ANG_15_5
2023-11-08,NVDA,2023,0.88218,0.69915533,MLP-Torch,TARGET_TREND_ANG_15_5
2023-11-09,NVDA,2023,0.87611,0.70043415,MLP-Torch,TARGET_TREND_ANG_15_5
2023-11-10,NVDA,2023,0.85735,0.70528007,MLP-Torch,TARGET_TREND_ANG_15_5
2023-11-13,NVDA,2023,0.84582,0.70800376,MLP-Torch,TARGET_TREND_ANG_15_5
2023-11-14,NVDA,2023,0.81162,0.7187294,MLP-Torch,TARGET_TREND_ANG_15_5
2023-11-15,NVDA,2023,0.76963,0.6722167,MLP-Torch,TARGET_TREND_ANG_15_5
2023-11-16,NVDA,2023,0.70428,0.6621563,MLP-Torch,TARGET_TREND_ANG_15_5
2023-11-17,NVDA,2023,0.653,0.65584975,MLP-Torch,TARGET_TREND_ANG_15_5
2023-11-20,NVDA,2023,0.59186,0.6522053,MLP-Torch,TARGET_TREND_ANG_15_5
2023-11-21,NVDA,2023,0.53424,0.60950184,MLP-Torch,TARGET_TREND_ANG_15_5
2023-11-22,NVDA,2023,0.45457,0.52138627,MLP-Torch,TARGET_TREND_ANG_15_5
2023-11-24,NVDA,2023,0.38279,0.4314864,MLP-Torch,TARGET_TREND_ANG_15_5
2023-11-27,NVDA,2023,0.3264,0.42532825,MLP-Torch,TARGET_TREND_ANG_15_5
2023-11-28,NVDA,2023,0.30048,0.39309132,MLP-Torch,TARGET_TREND_ANG_15_5
2023-11-29,NVDA,2023,0.28455,0.41670358,MLP-Torch,TARGET_TREND_ANG_15_5
2023-11-30,NVDA,2023,0.27439,0.3633638,MLP-Torch,TARGET_TREND_ANG_15_5
2023-12-01,NVDA,2023,0.29708,0.3507227,MLP-Torch,TARGET_TREND_ANG_15_5
2023-12-04,NVDA,2023,0.30419,0.31718382,MLP-Torch,TARGET_TREND_ANG_15_5
2023-12-05,NVDA,2023,0.36598,0.3528881,MLP-Torch,TARGET_TREND_ANG_15_5
2023-12-06,NVDA,2023,0.43559,0.33304057,MLP-Torch,TARGET_TREND_ANG_15_5
2023-12-07,NVDA,2023,0.49474,0.3947445,MLP-Torch,TARGET_TREND_ANG_15_5
2023-12-08,NVDA,2023,0.5421,0.45057133,MLP-Torch,TARGET_TREND_ANG_15_5
2023-12-11,NVDA,2023,0.61929,0.46203786,MLP-Torch,TARGET_TREND_ANG_15_5
2023-12-12,NVDA,2023,0.66395,0.4998423,MLP-Torch,TARGET_TREND_ANG_15_5
2023-12-13,NVDA,2023,0.6838,0.575593,MLP-Torch,TARGET_TREND_ANG_15_5
2023-12-14,NVDA,2023,0.6927,0.5920908,MLP-Torch,TARGET_TREND_ANG_15_5
2023-12-15,NVDA,2023,0.6932,0.61625963,MLP-Torch,TARGET_TREND_ANG_15_5
2023-12-18,NVDA,2023,0.67229,0.6550327,MLP-Torch,TARGET_TREND_ANG_15_5
2023-12-19,NVDA,2023,0.66875,0.6479472,MLP-Torch,TARGET_TREND_ANG_15_5
2023-12-20,NVDA,2023,0.64279,0.55337894,MLP-Torch,TARGET_TREND_ANG_15_5
2023-12-21,NVDA,2023,0.62038,0.58386165,MLP-Torch,TARGET_TREND_ANG_15_5
2023-12-22,NVDA,2023,0.58642,0.5483126,MLP-Torch,TARGET_TREND_ANG_15_5
2023-12-26,NVDA,2023,0.51754,0.5492524,MLP-Torch,TARGET_TREND_ANG_15_5
2023-12-27,NVDA,2023,0.47659,0.54255563,MLP-Torch,TARGET_TREND_ANG_15_5
2023-12-28,NVDA,2023,0.4656,0.5359289,MLP-Torch,TARGET_TREND_ANG_15_5
2023-12-29,NVDA,2023,0.51823,0.5427884,MLP-Torch,TARGET_TREND_ANG_15_5
2024-01-02,NVDA,2024,0.59005,0.4418151,MLP-Torch,TARGET_TREND_ANG_15_5
2024-01-03,NVDA,2024,0.68904,0.37370738,MLP-Torch,TARGET_TREND_ANG_15_5
2024-01-04,NVDA,2024,0.75618,0.39923456,MLP-Torch,TARGET_TREND_ANG_15_5
2024-01-05,NVDA,2024,0.77943,0.48415595,MLP-Torch,TARGET_TREND_ANG_15_5
2024-01-08,NVDA,2024,0.80771,0.65054846,MLP-Torch,TARGET_TREND_ANG_15_5
2024-01-09,NVDA,2024,0.8257,0.69762254,MLP-Torch,TARGET_TREND_ANG_15_5
2024-01-10,NVDA,2024,0.84399,0.7185018,MLP-Torch,TARGET_TREND_ANG_15_5
2024-01-11,NVDA,2024,0.87024,0.72055674,MLP-Torch,TARGET_TREND_ANG_15_5
2024-01-12,NVDA,2024,0.88811,0.7179863,MLP-Torch,TARGET_TREND_ANG_15_5
2024-01-16,NVDA,2024,0.89298,0.72382885,MLP-Torch,TARGET_TREND_ANG_15_5
2024-01-17,NVDA,2024,0.89664,0.6996491,MLP-Torch,TARGET_TREND_ANG_15_5
2024-01-18,NVDA,2024,0.88567,0.7086777,MLP-Torch,TARGET_TREND_ANG_15_5
2024-01-19,NVDA,2024,0.85876,0.71916765,MLP-Torch,TARGET_TREND_ANG_15_5
2024-01-22,NVDA,2024,0.84048,0.7235054,MLP-Torch,TARGET_TREND_ANG_15_5
2024-01-23,NVDA,2024,0.83346,0.6968673,MLP-Torch,TARGET_TREND_ANG_15_5
2024-01-24,NVDA,2024,0.80984,0.70633584,MLP-Torch,TARGET_TREND_ANG_15_5
2024-01-25,NVDA,2024,0.80127,0.6961427,MLP-Torch,TARGET_TREND_ANG_15_5
2024-01-26,NVDA,2024,0.81357,0.66117054,MLP-Torch,TARGET_TREND_ANG_15_5
2024-01-29,NVDA,2024,0.82858,0.65651596,MLP-Torch,TARGET_TREND_ANG_15_5
2024-01-30,NVDA,2024,0.83736,0.6608569,MLP-Torch,TARGET_TREND_ANG_15_5
2024-01-31,NVDA,2024,0.84911,0.58768123,MLP-Torch,TARGET_TREND_ANG_15_5
2024-02-01,NVDA,2024,0.84514,0.6103547,MLP-Torch,TARGET_TREND_ANG_15_5
2024-02-02,NVDA,2024,0.8554,0.6763908,MLP-Torch,TARGET_TREND_ANG_15_5
2024-02-05,NVDA,2024,0.85689,0.72470015,MLP-Torch,TARGET_TREND_ANG_15_5
2024-02-06,NVDA,2024,0.86145,0.69613206,MLP-Torch,TARGET_TREND_ANG_15_5
2024-02-07,NVDA,2024,0.86612,0.70118,MLP-Torch,TARGET_TREND_ANG_15_5
2024-02-08,NVDA,2024,0.86421,0.6818699,MLP-Torch,TARGET_TREND_ANG_15_5
2024-02-09,NVDA,2024,0.84332,0.7068325,MLP-Torch,TARGET_TREND_ANG_15_5
2024-02-12,NVDA,2024,0.80791,0.6968349,MLP-Torch,TARGET_TREND_ANG_15_5
2024-02-13,NVDA,2024,0.74332,0.66722304,MLP-Torch,TARGET_TREND_ANG_15_5
2024-02-14,NVDA,2024,0.74056,0.6724779,MLP-Torch,TARGET_TREND_ANG_15_5
2024-02-15,NVDA,2024,0.74159,0.63763285,MLP-Torch,TARGET_TREND_ANG_15_5
2024-02-16,NVDA,2024,0.75307,0.6036515,MLP-Torch,TARGET_TREND_ANG_15_5
2024-02-20,NVDA,2024,0.78295,0.45681494,MLP-Torch,TARGET_TREND_ANG_15_5
2024-02-21,NVDA,2024,0.7816,0.36058062,MLP-Torch,TARGET_TREND_ANG_15_5
2024-02-22,NVDA,2024,0.76301,0.6442256,MLP-Torch,TARGET_TREND_ANG_15_5
2024-02-23,NVDA,2024,0.78112,0.6796589,MLP-Torch,TARGET_TREND_ANG_15_5
2024-02-26,NVDA,2024,0.82065,0.67387193,MLP-Torch,TARGET_TREND_ANG_15_5
2024-02-27,NVDA,2024,0.84966,0.6507609,MLP-Torch,TARGET_TREND_ANG_15_5
2024-02-28,NVDA,2024,0.87796,0.6193237,MLP-Torch,TARGET_TREND_ANG_15_5
2024-02-29,NVDA,2024,0.90709,0.63374317,MLP-Torch,TARGET_TREND_ANG_15_5
2024-03-01,NVDA,2024,0.90272,0.6732769,MLP-Torch,TARGET_TREND_ANG_15_5
2024-03-04,NVDA,2024,0.88722,0.705077,MLP-Torch,TARGET_TREND_ANG_15_5
2024-03-05,NVDA,2024,0.8774,0.68723315,MLP-Torch,TARGET_TREND_ANG_15_5
2024-03-06,NVDA,2024,0.83694,0.73592573,MLP-Torch,TARGET_TREND_ANG_15_5
2024-03-07,NVDA,2024,0.8164,0.74208397,MLP-Torch,TARGET_TREND_ANG_15_5
2024-03-08,NVDA,2024,0.80823,0.69444644,MLP-Torch,TARGET_TREND_ANG_15_5
2024-03-11,NVDA,2024,0.78881,0.580075,MLP-Torch,TARGET_TREND_ANG_15_5
2024-03-12,NVDA,2024,0.74407,0.6478187,MLP-Torch,TARGET_TREND_ANG_15_5
2024-03-13,NVDA,2024,0.69639,0.6072121,MLP-Torch,TARGET_TREND_ANG_15_5
2024-03-14,NVDA,2024,0.65079,0.51796633,MLP-Torch,TARGET_TREND_ANG_15_5
2024-03-15,NVDA,2024,0.64003,0.47944003,MLP-Torch,TARGET_TREND_ANG_15_5
2024-03-18,NVDA,2024,0.65042,0.4751168,MLP-Torch,TARGET_TREND_ANG_15_5
2024-03-19,NVDA,2024,0.63236,0.45946425,MLP-Torch,TARGET_TREND_ANG_15_5
2024-03-20,NVDA,2024,0.61279,0.4974372,MLP-Torch,TARGET_TREND_ANG_15_5
2024-03-21,NVDA,2024,0.63506,0.51849407,MLP-Torch,TARGET_TREND_ANG_15_5
2024-03-22,NVDA,2024,0.60339,0.59410393,MLP-Torch,TARGET_TREND_ANG_15_5
2024-03-25,NVDA,2024,0.54116,0.62406844,MLP-Torch,TARGET_TREND_ANG_15_5
2024-03-26,NVDA,2024,0.53865,0.5750389,MLP-Torch,TARGET_TREND_ANG_15_5
2024-03-27,NVDA,2024,0.49575,0.50007683,MLP-Torch,TARGET_TREND_ANG_15_5
2024-03-28,NVDA,2024,0.44633,0.47821465,MLP-Torch,TARGET_TREND_ANG_15_5
2024-04-01,NVDA,2024,0.38881,0.4489412,MLP-Torch,TARGET_TREND_ANG_15_5
2024-04-02,NVDA,2024,0.32609,0.3924906,MLP-Torch,TARGET_TREND_ANG_15_5
2024-04-03,NVDA,2024,0.29634,0.37374654,MLP-Torch,TARGET_TREND_ANG_15_5
2024-04-04,NVDA,2024,0.30318,0.3282285,MLP-Torch,TARGET_TREND_ANG_15_5
2024-04-05,NVDA,2024,0.30957,0.35829937,MLP-Torch,TARGET_TREND_ANG_15_5
2024-04-08,NVDA,2024,0.32374,0.35275,MLP-Torch,TARGET_TREND_ANG_15_5
2024-04-09,NVDA,2024,0.37007,0.3283412,MLP-Torch,TARGET_TREND_ANG_15_5
2024-04-10,NVDA,2024,0.37398,0.3553736,MLP-Torch,TARGET_TREND_ANG_15_5
2024-04-11,NVDA,2024,0.3727,0.49252078,MLP-Torch,TARGET_TREND_ANG_15_5
2024-04-12,NVDA,2024,0.29708,0.45459273,MLP-Torch,TARGET_TREND_ANG_15_5
2024-04-15,NVDA,2024,0.27065,0.42409205,MLP-Torch,TARGET_TREND_ANG_15_5
2024-04-16,NVDA,2024,0.27796,0.45440882,MLP-Torch,TARGET_TREND_ANG_15_5
2024-04-17,NVDA,2024,0.25801,0.3602634,MLP-Torch,TARGET_TREND_ANG_15_5
2024-04-18,NVDA,2024,0.25262,0.36503342,MLP-Torch,TARGET_TREND_ANG_15_5
2024-04-19,NVDA,2024,0.29091,0.27023092,MLP-Torch,TARGET_TREND_ANG_15_5
2024-04-22,NVDA,2024,0.35724,0.28749955,MLP-Torch,TARGET_TREND_ANG_15_5
2024-04-23,NVDA,2024,0.38913,0.3511192,MLP-Torch,TARGET_TREND_ANG_15_5
2024-04-24,NVDA,2024,0.39703,0.34969476,MLP-Torch,TARGET_TREND_ANG_15_5
2024-04-25,NVDA,2024,0.49619,0.40323153,MLP-Torch,TARGET_TREND_ANG_15_5
2024-04-26,NVDA,2024,0.59618,0.571838,MLP-Torch,TARGET_TREND_ANG_15_5
2024-04-29,NVDA,2024,0.69079,0.60990375,MLP-Torch,TARGET_TREND_ANG_15_5
2024-04-30,NVDA,2024,0.76295,0.6300753,MLP-Torch,TARGET_TREND_ANG_15_5
2024-05-01,NVDA,2024,0.80023,0.54817367,MLP-Torch,TARGET_TREND_ANG_15_5
2024-05-02,NVDA,2024,0.81031,0.6055549,MLP-Torch,TARGET_TREND_ANG_15_5
2024-05-03,NVDA,2024,0.76838,0.6460542,MLP-Torch,TARGET_TREND_ANG_15_5
2024-05-06,NVDA,2024,0.73658,0.69641376,MLP-Torch,TARGET_TREND_ANG_15_5
2024-05-07,NVDA,2024,0.73219,0.6548105,MLP-Torch,TARGET_TREND_ANG_15_5
2024-05-08,NVDA,2024,0.71626,0.6472197,MLP-Torch,TARGET_TREND_ANG_15_5
2024-05-09,NVDA,2024,0.70989,0.5907681,MLP-Torch,TARGET_TREND_ANG_15_5
2024-05-10,NVDA,2024,0.71566,0.60160387,MLP-Torch,TARGET_TREND_ANG_15_5
2024-05-13,NVDA,2024,0.73426,0.5929479,MLP-Torch,TARGET_TREND_ANG_15_5
2024-05-14,NVDA,2024,0.73749,0.56587434,MLP-Torch,TARGET_TREND_ANG_15_5
2024-05-15,NVDA,2024,0.69622,0.6427378,MLP-Torch,TARGET_TREND_ANG_15_5
2024-05-16,NVDA,2024,0.73618,0.6479784,MLP-Torch,TARGET_TREND_ANG_15_5
2024-05-17,NVDA,2024,0.79397,0.5961834,MLP-Torch,TARGET_TREND_ANG_15_5
2024-05-20,NVDA,2024,0.86474,0.6295181,MLP-Torch,TARGET_TREND_ANG_15_5
2024-05-21,NVDA,2024,0.90299,0.6139059,MLP-Torch,TARGET_TREND_ANG_15_5
2024-05-22,NVDA,2024,0.91691,0.60289174,MLP-Torch,TARGET_TREND_ANG_15_5
2024-05-23,NVDA,2024,0.90294,0.7346743,MLP-Torch,TARGET_TREND_ANG_15_5
2024-05-24,NVDA,2024,0.90707,0.7451559,MLP-Torch,TARGET_TREND_ANG_15_5
2024-05-28,NVDA,2024,0.90076,0.76973337,MLP-Torch,TARGET_TREND_ANG_15_5
2024-05-29,NVDA,2024,0.91059,0.76511085,MLP-Torch,TARGET_TREND_ANG_15_5
2024-05-30,NVDA,2024,0.9229,0.73430693,MLP-Torch,TARGET_TREND_ANG_15_5
2024-05-31,NVDA,2024,0.92289,0.6863939,MLP-Torch,TARGET_TREND_ANG_15_5
2024-06-03,NVDA,2024,0.90467,0.71421266,MLP-Torch,TARGET_TREND_ANG_15_5
2024-06-04,NVDA,2024,0.88499,0.69684666,MLP-Torch,TARGET_TREND_ANG_15_5
2024-06-05,NVDA,2024,0.85862,0.73038334,MLP-Torch,TARGET_TREND_ANG_15_5
2024-06-06,NVDA,2024,0.8396,0.7156037,MLP-Torch,TARGET_TREND_ANG_15_5
2024-06-07,NVDA,2024,0.84031,0.6787906,MLP-Torch,TARGET_TREND_ANG_15_5
2024-06-10,NVDA,2024,0.83354,0.6668277,MLP-Torch,TARGET_TREND_ANG_15_5
2024-06-11,NVDA,2024,0.85849,0.6417665,MLP-Torch,TARGET_TREND_ANG_15_5
2024-06-12,NVDA,2024,0.85502,0.65810776,MLP-Torch,TARGET_TREND_ANG_15_5
2024-06-13,NVDA,2024,0.81707,0.68849385,MLP-Torch,TARGET_TREND_ANG_15_5
2024-06-14,NVDA,2024,0.72161,0.701622,MLP-Torch,TARGET_TREND_ANG_15_5
2024-06-17,NVDA,2024,0.67214,0.6754307,MLP-Torch,TARGET_TREND_ANG_15_5
2024-06-18,NVDA,2024,0.61278,0.70504546,MLP-Torch,TARGET_TREND_ANG_15_5
2024-06-20,NVDA,2024,0.57681,0.6491284,MLP-Torch,TARGET_TREND_ANG_15_5
2024-06-21,NVDA,2024,0.51894,0.49720347,MLP-Torch,TARGET_TREND_ANG_15_5
2024-06-24,NVDA,2024,0.45677,0.34813604,MLP-Torch,TARGET_TREND_ANG_15_5
2024-06-25,NVDA,2024,0.39419,0.38745958,MLP-Torch,TARGET_TREND_ANG_15_5
2024-06-26,NVDA,2024,0.36388,0.3924943,MLP-Torch,TARGET_TREND_ANG_15_5
2024-06-27,NVDA,2024,0.34115,0.3552037,MLP-Torch,TARGET_TREND_ANG_15_5
2024-06-28,NVDA,2024,0.36887,0.36425313,MLP-Torch,TARGET_TREND_ANG_15_5
2024-07-01,NVDA,2024,0.44319,0.3814689,MLP-Torch,TARGET_TREND_ANG_15_5
2024-07-02,NVDA,2024,0.54138,0.37359247,MLP-Torch,TARGET_TREND_ANG_15_5
2024-07-03,NVDA,2024,0.61076,0.45629075,MLP-Torch,TARGET_TREND_ANG_15_5
2024-07-05,NVDA,2024,0.6625,0.46008417,MLP-Torch,TARGET_TREND_ANG_15_5
2024-07-08,NVDA,2024,0.67273,0.5250448,MLP-Torch,TARGET_TREND_ANG_15_5
2024-07-09,NVDA,2024,0.60619,0.57893854,MLP-Torch,TARGET_TREND_ANG_15_5
2024-07-10,NVDA,2024,0.53289,0.6561516,MLP-Torch,TARGET_TREND_ANG_15_5
2024-07-11,NVDA,2024,0.49198,0.5431627,MLP-Torch,TARGET_TREND_ANG_15_5
2024-07-12,NVDA,2024,0.4132,0.54020524,MLP-Torch,TARGET_TREND_ANG_15_5
2024-07-15,NVDA,2024,0.37876,0.48786056,MLP-Torch,TARGET_TREND_ANG_15_5
2024-07-16,NVDA,2024,0.34394,0.43922836,MLP-Torch,TARGET_TREND_ANG_15_5
2024-07-17,NVDA,2024,0.24681,0.29786095,MLP-Torch,TARGET_TREND_ANG_15_5
2024-07-18,NVDA,2024,0.20918,0.32224232,MLP-Torch,TARGET_TREND_ANG_15_5
2024-07-19,NVDA,2024,0.17005,0.29492557,MLP-Torch,TARGET_TREND_ANG_15_5
2024-07-22,NVDA,2024,0.15944,0.37251046,MLP-Torch,TARGET_TREND_ANG_15_5
2024-07-23,NVDA,2024,0.13587,0.37696216,MLP-Torch,TARGET_TREND_ANG_15_5
2024-07-24,NVDA,2024,0.16273,0.29227287,MLP-Torch,TARGET_TREND_ANG_15_5
2024-07-25,NVDA,2024,0.15812,0.28638902,MLP-Torch,TARGET_TREND_ANG_15_5
2024-07-26,NVDA,2024,0.16747,0.30841786,MLP-Torch,TARGET_TREND_ANG_15_5
2024-07-29,NVDA,2024,0.15736,0.3029508,MLP-Torch,TARGET_TREND_ANG_15_5
2024-07-30,NVDA,2024,0.15467,0.2623938,MLP-Torch,TARGET_TREND_ANG_15_5
2024-07-31,NVDA,2024,0.14913,0.40423965,MLP-Torch,TARGET_TREND_ANG_15_5
2024-08-01,NVDA,2024,0.14807,0.37286404,MLP-Torch,TARGET_TREND_ANG_15_5
2024-08-02,NVDA,2024,0.15207,0.3382082,MLP-Torch,TARGET_TREND_ANG_15_5
2024-08-05,NVDA,2024,0.19851,0.2711183,MLP-Torch,TARGET_TREND_ANG_15_5
2024-08-06,NVDA,2024,0.34754,0.33174717,MLP-Torch,TARGET_TREND_ANG_15_5
2024-08-07,NVDA,2024,0.48696,0.29502833,MLP-Torch,TARGET_TREND_ANG_15_5
2024-08-08,NVDA,2024,0.64591,0.3837377,MLP-Torch,TARGET_TREND_ANG_15_5
2024-08-09,NVDA,2024,0.7721,0.3952111,MLP-Torch,TARGET_TREND_ANG_15_5
2024-08-12,NVDA,2024,0.85247,0.5554404,MLP-Torch,TARGET_TREND_ANG_15_5
2024-08-13,NVDA,2024,0.862,0.67087376,MLP-Torch,TARGET_TREND_ANG_15_5
2024-08-14,NVDA,2024,0.90584,0.7150235,MLP-Torch,TARGET_TREND_ANG_15_5
2024-08-15,NVDA,2024,0.90834,0.7386802,MLP-Torch,TARGET_TREND_ANG_15_5
2024-08-16,NVDA,2024,0.91666,0.7526388,MLP-Torch,TARGET_TREND_ANG_15_5
2024-08-19,NVDA,2024,0.89614,0.76914567,MLP-Torch,TARGET_TREND_ANG_15_5
2024-08-20,NVDA,2024,0.88935,0.74924654,MLP-Torch,TARGET_TREND_ANG_15_5
2024-08-21,NVDA,2024,0.84517,0.74423456,MLP-Torch,TARGET_TREND_ANG_15_5
2024-08-22,NVDA,2024,0.77265,0.6879544,MLP-Torch,TARGET_TREND_ANG_15_5
2024-08-23,NVDA,2024,0.64218,0.6909258,MLP-Torch,TARGET_TREND_ANG_15_5
2024-08-26,NVDA,2024,0.41792,0.6403887,MLP-Torch,TARGET_TREND_ANG_15_5
2024-08-27,NVDA,2024,0.26738,0.6215681,MLP-Torch,TARGET_TREND_ANG_15_5
2024-08-28,NVDA,2024,0.17964,0.5370299,MLP-Torch,TARGET_TREND_ANG_15_5
2024-08-29,NVDA,2024,0.11771,0.36868978,MLP-Torch,TARGET_TREND_ANG_15_5
2024-08-30,NVDA,2024,0.10061,0.35487723,MLP-Torch,TARGET_TREND_ANG_15_5
2024-09-03,NVDA,2024,0.08715,0.27276736,MLP-Torch,TARGET_TREND_ANG_15_5
2024-09-04,NVDA,2024,0.10642,0.26319727,MLP-Torch,TARGET_TREND_ANG_15_5
2024-09-05,NVDA,2024,0.15139,0.25928998,MLP-Torch,TARGET_TREND_ANG_15_5
2024-09-06,NVDA,2024,0.18597,0.2573181,MLP-Torch,TARGET_TREND_ANG_15_5
2024-09-09,NVDA,2024,0.27597,0.27314225,MLP-Torch,TARGET_TREND_ANG_15_5
2024-09-10,NVDA,2024,0.37208,0.322628,MLP-Torch,TARGET_TREND_ANG_15_5
2024-09-11,NVDA,2024,0.49706,0.461553,MLP-Torch,TARGET_TREND_ANG_15_5
2024-09-12,NVDA,2024,0.63712,0.59872353,MLP-Torch,TARGET_TREND_ANG_15_5
2024-09-13,NVDA,2024,0.69203,0.6630994,MLP-Torch,TARGET_TREND_ANG_15_5
2024-09-16,NVDA,2024,0.75602,0.6291285,MLP-Torch,TARGET_TREND_ANG_15_5
2024-09-17,NVDA,2024,0.77204,0.6346712,MLP-Torch,TARGET_TREND_ANG_15_5
2024-09-18,NVDA,2024,0.78338,0.5834964,MLP-Torch,TARGET_TREND_ANG_15_5
2024-09-19,NVDA,2024,0.77981,0.61772203,MLP-Torch,TARGET_TREND_ANG_15_5
2024-09-20,NVDA,2024,0.73726,0.5765719,MLP-Torch,TARGET_TREND_ANG_15_5
2024-09-23,NVDA,2024,0.69188,0.5663669,MLP-Torch,TARGET_TREND_ANG_15_5
2024-09-24,NVDA,2024,0.60158,0.617336,MLP-Torch,TARGET_TREND_ANG_15_5
2024-09-25,NVDA,2024,0.58691,0.676478,MLP-Torch,TARGET_TREND_ANG_15_5
2024-09-26,NVDA,2024,0.61908,0.66720855,MLP-Torch,TARGET_TREND_ANG_15_5
2024-09-27,NVDA,2024,0.6627,0.6267325,MLP-Torch,TARGET_TREND_ANG_15_5
2024-09-30,NVDA,2024,0.69614,0.5937924,MLP-Torch,TARGET_TREND_ANG_15_5
2024-10-01,NVDA,2024,0.74529,0.51966506,MLP-Torch,TARGET_TREND_ANG_15_5
2024-10-02,NVDA,2024,0.75443,0.5056872,MLP-Torch,TARGET_TREND_ANG_15_5
2024-10-03,NVDA,2024,0.78011,0.5674041,MLP-Torch,TARGET_TREND_ANG_15_5
2024-10-04,NVDA,2024,0.78674,0.60631317,MLP-Torch,TARGET_TREND_ANG_15_5
2024-10-07,NVDA,2024,0.79526,0.64980024,MLP-Torch,TARGET_TREND_ANG_15_5
2024-10-08,NVDA,2024,0.78346,0.7099701,MLP-Torch,TARGET_TREND_ANG_15_5
2024-10-09,NVDA,2024,0.80069,0.7129862,MLP-Torch,TARGET_TREND_ANG_15_5
2024-10-10,NVDA,2024,0.81335,0.71216893,MLP-Torch,TARGET_TREND_ANG_15_5
2024-10-11,NVDA,2024,0.81596,0.7006515,MLP-Torch,TARGET_TREND_ANG_15_5
2024-10-14,NVDA,2024,0.82448,0.72336143,MLP-Torch,TARGET_TREND_ANG_15_5
2024-10-15,NVDA,2024,0.82046,0.6183487,MLP-Torch,TARGET_TREND_ANG_15_5
2024-10-16,NVDA,2024,0.77926,0.63840586,MLP-Torch,TARGET_TREND_ANG_15_5
2024-10-17,NVDA,2024,0.74652,0.63244903,MLP-Torch,TARGET_TREND_ANG_15_5
2024-10-18,NVDA,2024,0.71475,0.6263307,MLP-Torch,TARGET_TREND_ANG_15_5
2024-10-21,NVDA,2024,0.67379,0.6748439,MLP-Torch,TARGET_TREND_ANG_15_5
2024-10-22,NVDA,2024,0.66388,0.6682769,MLP-Torch,TARGET_TREND_ANG_15_5
2024-10-23,NVDA,2024,0.63773,0.5802191,MLP-Torch,TARGET_TREND_ANG_15_5
2024-10-24,NVDA,2024,0.57227,0.5795391,MLP-Torch,TARGET_TREND_ANG_15_5
2024-10-25,NVDA,2024,0.52281,0.5753601,MLP-Torch,TARGET_TREND_ANG_15_5
2024-10-28,NVDA,2024,0.50214,0.52919793,MLP-Torch,TARGET_TREND_ANG_15_5
2024-10-29,NVDA,2024,0.45958,0.5098254,MLP-Torch,TARGET_TREND_ANG_15_5
2024-10-30,NVDA,2024,0.47881,0.46943983,MLP-Torch,TARGET_TREND_ANG_15_5
2024-10-31,NVDA,2024,0.52191,0.33609378,MLP-Torch,TARGET_TREND_ANG_15_5
2024-11-01,NVDA,2024,0.55229,0.37243274,MLP-Torch,TARGET_TREND_ANG_15_5
2024-11-04,NVDA,2024,0.60047,0.38365012,MLP-Torch,TARGET_TREND_ANG_15_5
2024-11-05,NVDA,2024,0.65771,0.44263884,MLP-Torch,TARGET_TREND_ANG_15_5
2024-11-06,NVDA,2024,0.66625,0.5816031,MLP-Torch,TARGET_TREND_ANG_15_5
2024-11-07,NVDA,2024,0.67901,0.65726304,MLP-Torch,TARGET_TREND_ANG_15_5
2024-11-08,NVDA,2024,0.67344,0.6547377,MLP-Torch,TARGET_TREND_ANG_15_5
2024-11-11,NVDA,2024,0.65207,0.6188368,MLP-Torch,TARGET_TREND_ANG_15_5
2024-11-12,NVDA,2024,0.6674,0.64521885,MLP-Torch,TARGET_TREND_ANG_15_5
2024-11-13,NVDA,2024,0.66533,0.6005953,MLP-Torch,TARGET_TREND_ANG_15_5
2024-11-14,NVDA,2024,0.61717,0.58402556,MLP-Torch,TARGET_TREND_ANG_15_5
2024-11-15,NVDA,2024,0.54329,0.4456362,MLP-Torch,TARGET_TREND_ANG_15_5
2024-11-18,NVDA,2024,0.42083,0.3734529,MLP-Torch,TARGET_TREND_ANG_15_5
2024-11-19,NVDA,2024,0.34796,0.47131592,MLP-Torch,TARGET_TREND_ANG_15_5
2024-11-20,NVDA,2024,0.3069,0.48414445,MLP-Torch,TARGET_TREND_ANG_15_5
2024-11-21,NVDA,2024,0.31046,0.49928874,MLP-Torch,TARGET_TREND_ANG_15_5
2024-11-22,NVDA,2024,0.31039,0.43625224,MLP-Torch,TARGET_TREND_ANG_15_5
2024-11-25,NVDA,2024,0.31001,0.33218223,MLP-Torch,TARGET_TREND_ANG_15_5
2024-11-26,NVDA,2024,0.3708,0.33054543,MLP-Torch,TARGET_TREND_ANG_15_5
2024-11-27,NVDA,2024,0.42396,0.314931,MLP-Torch,TARGET_TREND_ANG_15_5
2024-11-29,NVDA,2024,0.46922,0.3570188,MLP-Torch,TARGET_TREND_ANG_15_5
2024-12-02,NVDA,2024,0.45551,0.3916755,MLP-Torch,TARGET_TREND_ANG_15_5
2024-12-03,NVDA,2024,0.4073,0.4499557,MLP-Torch,TARGET_TREND_ANG_15_5
2024-12-04,NVDA,2024,0.44455,0.5402302,MLP-Torch,TARGET_TREND_ANG_15_5
2024-12-05,NVDA,2024,0.46563,0.6050444,MLP-Torch,TARGET_TREND_ANG_15_5
2024-12-06,NVDA,2024,0.48015,0.56987774,MLP-Torch,TARGET_TREND_ANG_15_5
2024-12-09,NVDA,2024,0.45506,0.47440842,MLP-Torch,TARGET_TREND_ANG_15_5
2024-12-10,NVDA,2024,0.38274,0.39832205,MLP-Torch,TARGET_TREND_ANG_15_5
2024-12-11,NVDA,2024,0.32576,0.45228696,MLP-Torch,TARGET_TREND_ANG_15_5
2024-12-12,NVDA,2024,0.27625,0.42417172,MLP-Torch,TARGET_TREND_ANG_15_5
2024-12-13,NVDA,2024,0.26693,0.35893115,MLP-Torch,TARGET_TREND_ANG_15_5
2024-12-16,NVDA,2024,0.28803,0.32198527,MLP-Torch,TARGET_TREND_ANG_15_5
2024-12-17,NVDA,2024,0.32538,0.29850632,MLP-Torch,TARGET_TREND_ANG_15_5
2024-12-18,NVDA,2024,0.40366,0.29127416,MLP-Torch,TARGET_TREND_ANG_15_5
2024-12-19,NVDA,2024,0.4768,0.3448126,MLP-Torch,TARGET_TREND_ANG_15_5
2024-12-20,NVDA,2024,0.53933,0.41117072,MLP-Torch,TARGET_TREND_ANG_15_5
2024-12-23,NVDA,2024,0.55212,0.55695146,MLP-Torch,TARGET_TREND_ANG_15_5
2024-12-24,NVDA,2024,0.5685,0.6125113,MLP-Torch,TARGET_TREND_ANG_15_5
2024-12-26,NVDA,2024,0.65012,0.64277226,MLP-Torch,TARGET_TREND_ANG_15_5
2024-12-27,NVDA,2024,0.73259,0.5950084,MLP-Torch,TARGET_TREND_ANG_15_5
2024-12-30,NVDA,2024,0.73412,0.6058351,MLP-Torch,TARGET_TREND_ANG_15_5
2024-12-31,NVDA,2024,0.72403,0.53342086,MLP-Torch,TARGET_TREND_ANG_15_5
